time;dz;Bias;T-B;Topo
0;0;-66.5;39178820;-312106200
588.8;1562526;-66.5;40546790;-310543700
1177.6;3125017;-66.5;39740680;-308981200
1766.4;4687507;-66.5;39473280;-307418700
2355.2;6250033;-66.5;37375240;-305856200
2944;7812524;-66.5;36505360;-304293700
3532.8;9375015;-66.5;35906260;-302731200
4121.6;10937500;-66.5;32706730;-301168700
4710.4;12500030;-66.5;33718450;-299606200
5299.2;14062520;-66.5;31125990;-298043700
5888;15625010;-66.5;30052590;-296481200
6476.8;17187500;-66.5;29698380;-294918700
7065.6;18750030;-66.5;26262510;-293356200
7654.4;20312520;-66.5;27565960;-291793700
8243.2;21875010;-66.5;26021290;-290231200
8832;23437500;-66.5;24753040;-288668700
9420.8;25000030;-66.5;24268970;-287106200
10009.6;26562520;-66.5;21821140;-285543700
10598.4;28125010;-66.5;22280320;-283981200
11187.2;29687530;-66.5;20488610;-282418700
11776;31250030;-66.5;19848260;-280856200
12364.8;32812520;-66.5;18182860;-279293700
12953.6;34375010;-66.5;16422450;-277731200
13542.4;35937530;-66.5;16732680;-276168700
14131.2;37500020;-66.5;14272170;-274606200
14720;39062510;-66.5;14187980;-273043700
15308.8;40625000;-66.5;12127180;-271481200
15897.6;42187530;-66.5;10485520;-269918700
16486.4;43750020;-66.5;11243690;-268356200
17075.2;45312510;-66.5;8026760;-266793700
17664;46875000;-66.5;8226670;-265231200
18252.8;48437530;-66.5;7482760;-263668700
18841.6;50000020;-66.5;5266960;-262106200
19430.4;51562510;-66.5;5429990;-260543700
20019.2;53125000;-66.5;3760870;-258981200
20608;54687530;-66.5;2917810;-257418700
21196.8;56250020;-66.5;1988710;-255856200
21785.6;57812510;-66.5;1055530;-254293700
22374.4;59375030;-66.5;-515140;-252731200
22963.2;60937520;-66.5;-1586150;-251168700
23552;62500020;-66.5;-2228650;-249606200
24140.8;64062510;-66.5;-4733440;-248043700
24729.6;65625030;-66.5;-4422690;-246481200
25318.4;67187520;-66.5;-6228820;-244918700
25907.2;68750010;-66.5;-7598190;-243356200
26496;70312500;-66.5;-7326420;-241793700
27084.8;71875030;-66.5;-10031700;-240231200
27673.6;73437520;-66.5;-9899170;-238668700
28262.4;75000010;-66.5;-11144320;-237106200
28851.2;76562500;-66.5;-13121330;-235543700
29440;78125030;-66.5;-12997580;-233981200
30028.8;79687520;-66.5;-15126160;-232418700
30617.6;81250010;-66.5;-15592140;-230856200
31206.4;82812540;-66.5;-16646450;-229293700
31795.2;84375030;-66.5;-17854770;-227731200
32384;85937520;-66.5;-18701030;-226168700
32972.8;87500010;-66.5;-20130320;-224606200
33561.6;89062530;-66.5;-20173440;-223043700
34150.4;90625020;-66.5;-23010500;-221481200
34739.2;92187510;-66.5;-22499660;-219918700
35328;93750010;-66.5;-24071210;-218356200
35916.8;95312530;-66.5;-26363750;-216793700
36505.6;96875020;-66.5;-25170960;-215231200
37094.4;98437510;-66.5;-28203520;-213668700
37683.2;100000000;-66.5;-28329300;-212106200
38272;101562500;-66.5;-28904020;-210543700
38860.8;103125000;-66.5;-31754820;-208981200
39449.6;104687500;-66.5;-30755310;-207418700
40038.4;106250000;-66.5;-32821350;-205856200
40627.2;107812500;-66.5;-33473280;-204293700
41216;109375000;-66.5;-34019250;-202731200
41804.8;110937500;-66.5;-35622100;-201168700
42393.6;112500000;-66.5;-35841510;-199606200
42982.4;114062500;-66.5;-37165900;-198043700
43571.2;115625000;-66.5;-37747720;-196481200
44160;117187500;-66.5;-39472750;-194918700
44748.8;118750000;-66.5;-40058820;-193356200
45337.6;120312500;-66.5;-40991010;-191793700
45926.4;121875000;-66.5;-42882090;-190231200
46515.2;123437500;-66.5;-42773990;-188668700
47104;125000000;-66.5;-44825250;-187106200
47692.8;126562500;-66.5;-45874670;-185543700
48281.6;128125000;-66.5;-45854600;-183981200
48870.4;129687500;-66.5;-47856400;-182418700
49459.2;131250000;-66.5;-47974510;-180856200
50048;132812500;-66.5;-49551940;-179293700
50636.8;134375000;-66.5;-50760960;-177731200
51225.6;135937500;-66.5;-50983910;-176168700
51814.4;137500000;-66.5;-52516420;-174606200
52403.2;139062500;-66.5;-52937420;-173043700
52992;140625000;-66.5;-54138880;-171481200
53580.8;142187500;-66.5;-54957260;-169918700
54169.6;143750000;-66.5;-56031300;-168356200
54758.4;145312500;-66.5;-56938580;-166793700
55347.2;146875000;-66.5;-57894690;-165231200
55936;148437500;-66.5;-59308270;-163668700
56524.8;150000000;-66.5;-59452910;-162106200
57113.6;151562500;-66.5;-61185040;-160543700
57702.4;153125000;-66.5;-62445030;-158981200
58291.2;154687500;-66.5;-62304870;-157418700
58880;156250000;-66.5;-64158770;-155856200
59468.8;157812500;-66.5;-64762580;-154293700
60057.6;159375000;-66.5;-65398450;-152731200
60646.4;160937500;-66.5;-67023590;-151168700
61235.2;162500000;-66.5;-67467690;-149606200
61824;164062500;-66.5;-68574370;-148043700
62412.8;165625000;-66.5;-70061030;-146481200
63001.6;167187500;-66.5;-70295790;-144918700
63590.4;168750000;-66.5;-71726130;-143356200
64179.2;170312500;-66.5;-72768580;-141793700
64768;171875000;-66.5;-72958310;-140231200
65356.8;173437500;-66.5;-74627490;-138668700
65945.6;175000000;-66.5;-75481420;-137106200
66534.4;176562500;-66.5;-75879150;-135543700
67123.2;178125000;-66.5;-77650610;-133981200
67712;179687500;-66.5;-78338150;-132418700
68300.8;181250000;-66.5;-78944400;-130856200
68889.6;182812500;-66.5;-80533930;-129293700
69478.4;184375000;-66.5;-81207040;-127731100
70067.2;185937500;-66.5;-81715540;-126168600
70656;187500000;-66.5;-83403860;-124606200
71244.8;189062500;-66.5;-83908300;-123043600
71833.6;190625000;-66.5;-84708820;-121481100
72422.4;192187500;-66.5;-86282350;-119918600
73011.2;193750000;-66.5;-86449330;-118356200
73600;195312500;-66.5;-87985800;-116793600
74188.8;196875000;-66.5;-88984720;-115231100
74777.6;198437500;-66.5;-89352610;-113668700
75366.4;200000000;-66.5;-90758050;-112106200
75955.2;201562500;-66.5;-91186320;-110543600
76544;203125000;-66.5;-92539110;-108981100
77132.8;204687500;-66.5;-93797120;-107418700
77721.6;206250000;-66.5;-94000290;-105856100
78310.4;207812500;-66.5;-95205230;-104293600
78899.2;209375000;-66.5;-95894630;-102731100
79488;210937500;-66.5;-97143270;-101168700
80076.8;212500000;-66.5;-97942400;-99606170
80665.6;214062500;-66.5;-98836940;-98043680
81254.4;215625000;-66.5;-99811890;-96481190
81843.2;217187500;-66.5;-100345600;-94918700
82432;218750000;-66.5;-101923200;-93356180
83020.8;220312500;-66.5;-102383500;-91793680
83609.6;221875000;-66.5;-103432000;-90231190
84198.4;223437500;-66.5;-104816100;-88668700
84787.2;225000000;-66.5;-104911700;-87106180
85376;226562500;-66.5;-106591700;-85543690
85964.8;228125000;-66.5;-107292900;-83981200
86553.6;229687500;-66.5;-107959300;-82418710
87142.4;231250000;-66.5;-109580200;-80856180
87731.2;232812500;-66.5;-109872800;-79293690
88320;234375000;-66.5;-110969800;-77731200
88908.8;235937500;-66.5;-112265400;-76168670
89497.6;237500000;-66.5;-112790600;-74606180
90086.4;239062500;-66.5;-113972700;-73043690
90675.2;240625000;-66.5;-114622300;-71481200
91264;242187500;-66.5;-115682300;-69918670
91852.8;243750000;-66.5;-116645000;-68356180
92441.6;245312500;-66.5;-117526600;-66793690
93030.4;246875000;-66.5;-118498300;-65231200
93619.2;248437500;-66.5;-119297900;-63668680
94208;250000000;-66.5;-120708500;-62106190
94796.8;251562500;-66.5;-121070900;-60543690
95385.6;253125000;-66.5;-122308300;-58981200
95974.4;254687500;-66.5;-123399400;-57418680
96563.2;256250000;-66.5;-123655300;-55856190
97152;257812500;-66.5;-125524800;-54293700
97740.8;259375000;-66.5;-125789800;-52731170
98329.6;260937500;-66.5;-126665600;-51168680
98918.4;262500000;-66.5;-128239900;-49606190
99507.2;264062500;-66.5;-128409100;-48043700
100096;265625000;-66.5;-129698300;-46481170
100684.8;267187500;-66.5;-130622700;-44918680
101273.6;268750000;-66.5;-131222600;-43356190
101862.4;270312500;-66.5;-132470100;-41793700
102451.2;271875000;-66.5;-133045900;-40231170
103040;273437500;-66.5;-133896900;-38668680
103628.8;275000000;-66.5;-135158000;-37106190
104217.6;276562500;-66.5;-135677300;-35543700
104806.4;278125000;-66.5;-136642200;-33981180
105395.2;279687500;-66.5;-137734300;-32418690
105984;281250000;-66.5;-138510400;-30856200
106572.8;282812500;-66.5;-139521000;-29293670
107161.6;284375000;-66.5;-140770500;-27731180
107750.4;285937500;-66.5;-141491100;-26168690
108339.2;287500000;-66.5;-142556800;-24606200
108928;289062500;-66.5;-143804700;-23043670
109516.8;290625000;-66.5;-144161700;-21481180
110105.6;292187500;-66.5;-145353500;-19918690
110694.4;293750000;-66.5;-146369300;-18356200
111283.2;295312500;-66.5;-147041400;-16793670
111872;296875000;-66.5;-148293200;-15231180
112460.8;298437500;-66.5;-149023400;-13668690
113049.6;300000000;-66.5;-149849200;-12106200
113638.4;301562500;-66.5;-151059100;-10543670
114227.2;303125000;-66.5;-151813100;-8981185
114816;304687500;-66.5;-152771700;-7418694
115404.8;306250000;-66.5;-154023000;-5856168
115993.6;307812500;-66.5;-154791100;-4293677
116582.4;309375000;-66.5;-155703600;-2731187
117171.2;310937500;-66.5;-157041400;-1168696
117760;312500000;-66.5;-157518100;393830
118348.8;314062500;-66.5;-158586700;1956321
118937.6;315625000;-66.5;-159630700;3518811
119526.4;317187500;-66.5;-160305100;5081302
120115.2;318750000;-66.5;-161230300;6643828
120704;320312500;-66.5;-162370800;8206319
121292.8;321875000;-66.5;-163067400;9768809
121881.6;323437500;-66.5;-163974800;11331300
122470.4;325000000;-66.5;-165341700;12893820
123059.2;326562500;-66.5;-165793100;14456310
123648;328125000;-66.5;-167149500;16018810
124236.8;329687500;-66.5;-168140600;17581300
124825.6;331250000;-66.5;-168603300;19143820
125414.4;332812500;-66.5;-170250200;20706310
126003.2;334375000;-66.5;-170718900;22268810
126592;335937500;-66.5;-171754500;23831330
127180.8;337500000;-66.5;-173210700;25393820
127769.6;339062500;-66.5;-173400100;26956310
128358.4;340625000;-66.5;-174614700;28518800
128947.2;342187500;-66.5;-175515700;30081330
129536;343750000;-66.5;-176250100;31643820
130124.8;345312500;-66.5;-177399000;33206310
130713.6;346875000;-66.5;-178217900;34768800
131302.4;348437500;-66.5;-179112800;36331330
131891.2;350000000;-66.5;-180082700;37893820
132480;351562500;-66.5;-181353300;39456310
133068.8;353125000;-66.5;-181999800;41018800
133657.6;354687500;-66.5;-183031600;42581330
134246.4;356250000;-66.5;-184332300;44143820
134835.2;357812500;-66.5;-184762500;45706310
135424;359375000;-66.5;-186263400;47268830
136012.8;360937500;-66.5;-186924700;48831320
136601.6;362500000;-66.5;-187592500;50393810
137190.4;364062500;-66.5;-189378100;51956300
137779.2;365625000;-66.5;-189502500;53518830
138368;367187500;-66.5;-190746800;55081320
138956.8;368750000;-66.5;-191786000;56643810
139545.6;370312500;-66.5;-192311300;58206300
140134.4;371875000;-66.5;-193623600;59768830
140723.2;373437500;-66.5;-194313100;61331320
141312;375000000;-66.5;-195307300;62893810
141900.8;376562500;-66.5;-196240800;64456300
142489.6;378125000;-66.5;-197149600;66018830
143078.4;379687500;-66.5;-198072000;67581320
143667.2;381250000;-66.5;-198899400;69143810
144256;382812500;-66.5;-199962100;70706330
144844.8;384375000;-66.5;-200546700;72268820
145433.6;385937500;-66.5;-201844900;73831320
146022.4;387500000;-66.5;-202665600;75393810
146611.2;389062500;-66.5;-203465800;76956330
147200;390625000;-66.5;-204815500;78518820
147788.8;392187500;-66.5;-205426700;80081310
148377.6;393750000;-66.5;-206565600;81643800
148966.4;395312500;-66.5;-207519400;83206330
149555.2;396875000;-66.5;-208268300;84768820
150144;398437500;-66.5;-209321100;86331310
150732.8;400000000;-66.5;-210187600;87893800
151321.6;401562500;-66.5;-211059900;89456330
151910.4;403125000;-66.5;-212000600;91018820
152499.2;404687500;-66.5;-213032300;92581310
153088;406250000;-66.5;-213823400;94143800
153676.8;407812500;-66.5;-214868600;95706330
154265.6;409375000;-66.5;-215817600;97268820
154854.4;410937500;-66.5;-216455300;98831310
155443.2;412500000;-66.5;-217705900;100393800
156032;414062500;-66.5;-218487400;101956300
156620.8;415625000;-66.5;-219294700;103518800
157209.6;417187500;-66.5;-220707200;105081300
157798.4;418750000;-66.5;-221232500;106643800
158387.2;420312500;-66.5;-222169600;108206300
158976;421875000;-66.5;-223231600;109768800
159564.8;423437500;-66.5;-224008900;111331300
160153.6;425000000;-66.5;-225028300;112893800
160742.4;426562500;-66.5;-225904900;114456300
161331.2;428125000;-66.5;-226619200;116018800
161920;429687500;-66.5;-227521900;117581300
162508.8;431250000;-66.5;-228498200;119143800
163097.6;432812500;-66.5;-229200900;120706300
163686.4;434375000;-66.5;-230239200;122268800
164275.2;435937500;-66.5;-231067800;123831300
164864;437500000;-66.5;-231928300;125393800
165452.8;439062500;-66.5;-232970900;126956300
166041.6;440625000;-66.5;-233747800;128518800
166630.4;442187500;-66.5;-234619400;130081300
167219.2;443750000;-66.5;-235557500;131643800
167808;445312500;-66.5;-236406900;133206300
168396.8;446875000;-66.5;-237327400;134768800
168985.6;448437500;-66.5;-238114100;136331300
169574.4;450000000;-66.5;-238937500;137893800
170163.2;451562500;-66.5;-239862900;139456300
170752;453125000;-66.5;-240692900;141018800
171340.8;454687500;-66.5;-241408300;142581300
171929.6;456250000;-66.5;-242309700;144143800
172518.4;457812500;-66.5;-243181500;145706300
173107.2;459375000;-66.5;-243996900;147268800
173696;460937500;-66.5;-244870200;148831300
174284.8;462500000;-66.5;-245710000;150393800
174873.6;464062500;-66.5;-246590000;151956300
175462.4;465625000;-66.5;-247401100;153518800
176051.2;467187500;-66.5;-244522800;155081300
176640;468750000;-66.5;-181296300;156643800
177228.8;470312500;-66.5;-181285900;158206300
177817.6;471875000;-66.5;-181115000;159768800
178406.4;473437500;-66.5;-180898300;161331300
178995.2;475000000;-66.5;-180820100;162893800
179584;476562500;-66.5;-180844300;164456300
180172.8;478125000;-66.5;-180896200;166018800
180761.6;479687500;-66.5;-180850800;167581300
181350.4;481250000;-66.5;-180823100;169143800
181939.2;482812500;-66.5;-180805400;170706300
182528;484375000;-66.5;-180749900;172268800
183116.8;485937500;-66.5;-180761100;173831300
183705.6;487500000;-66.5;-180744100;175393800
184294.4;489062500;-66.5;-180776500;176956300
184883.2;490625000;-66.5;-180866300;178518800
185472;492187500;-66.5;-180926600;180081300
186060.8;493750000;-66.5;-180878600;181643800
186649.6;495312500;-66.5;-180869300;183206300
187238.4;496875000;-66.5;-180811400;184768800
187827.2;498437500;-66.5;-180927100;186331300
188416;500000000;-66.5;-181011400;187893800
189004.8;501562500;-66.5;-180944700;189456300
189593.6;503125000;-66.5;-180937900;191018800
190182.4;504687500;-66.5;-181029400;192581300
190771.2;506250000;-66.5;-181042100;194143800
191360;507812500;-66.5;-181003500;195706300
191948.8;509375000;-66.5;-181014700;197268800
192537.6;510937500;-66.5;-180968700;198831300
193126.4;512500000;-66.5;-180928500;200393800
193715.2;514062500;-66.5;-181035600;201956300
194304;515625000;-66.5;-181010400;203518800
194892.8;517187500;-66.5;-180989800;205081300
195481.6;518750000;-66.5;-180983100;206643800
196070.4;520312500;-66.5;-181023200;208206300
196659.2;521875000;-66.5;-180965500;209768800
197248;523437500;-66.5;-181119700;211331300
197836.8;525000000;-66.5;-181062700;212893800
198425.6;526562500;-66.5;-180993700;214456300
199014.4;528125000;-66.5;-181021800;216018800
199603.2;529687500;-66.5;-181045700;217581300
200192;531250000;-66.5;-181050100;219143800
200780.8;532812500;-66.5;-180999500;220706300
201369.6;534375000;-66.5;-181012400;222268800
201958.4;535937500;-66.5;-181091000;223831300
202547.2;537500000;-66.5;-181007500;225393800
203136;539062500;-66.5;-181003700;226956300
203724.8;540625000;-66.5;-180984400;228518800
204313.6;542187500;-66.5;-180962400;230081300
204902.4;543750000;-66.5;-180952600;231643800
205491.2;545312500;-66.5;-180912500;233206300
206080;546875000;-66.5;-181026900;234768800
206668.8;548437500;-66.5;-180969400;236331300
207257.6;550000000;-66.5;-180920700;237893800
207846.4;551562500;-66.5;-180981700;239456300
208435.2;553125000;-66.5;-180984100;241018800
209024;554687500;-66.5;-180928600;242581300
209612.8;556250000;-66.5;-180922900;244143800
210201.6;557812500;-66.5;-180971900;245706300
210790.4;559375100;-66.5;-180972600;247268800
211379.2;560937500;-66.5;-181019500;248831300
211968;562500000;-66.5;-180969100;250393800
212556.8;564062500;-66.5;-180876700;251956300
213145.6;565625000;-66.5;-180929100;253518800
213734.4;567187500;-66.5;-180892200;255081300
214323.2;568750000;-66.5;-180906300;256643800
214912;570312500;-66.5;-180874200;258206300
215500.8;571875000;-66.5;-180821400;259768800
216089.6;573437500;-66.5;-180824800;261331300
216678.4;575000000;-66.5;-180758300;262893800
217267.2;576562500;-66.5;-180824000;264456300
217856;578125000;-66.5;-180794900;266018800
218444.8;579687500;-66.5;-180665000;267581300
219033.6;581250000;-66.5;-180591600;269143800
219622.4;582812500;-66.5;-180542600;270706300
220211.2;584375000;-66.5;-180567600;272268800
220800;585937500;-66.5;-180551000;273831300
221388.8;587500000;-66.5;-180515700;275393800
221977.6;589062600;-66.5;-180500900;276956300
222566.4;590625000;-66.5;-180479800;278518800
223155.2;592187500;-66.5;-180469800;280081300
223744;593750000;-66.5;-180444600;281643800
224332.8;595312500;-66.5;-180386700;283206300
224921.6;596875000;-66.5;-180347400;284768800
225510.4;598437500;-66.5;-180386800;286331300
226099.2;600000000;-66.5;-180380200;287893800
226688;601562500;-66.5;-180359800;289456300
227276.8;603125000;-66.5;-180282200;291018800
227865.6;604687500;-66.5;-180298000;292581300
228454.4;606250000;-66.5;-180341400;294143800
229043.2;607812500;-66.5;-180249000;295706300
229632;609375000;-66.5;-180223500;297268800
230220.8;610937500;-66.5;-180246700;298831300
230809.6;612500100;-66.5;-180160200;300393800
231398.4;614062500;-66.5;-180078100;301956300
231987.2;615625000;-66.5;-180134400;303518800
232576;617187500;-66.5;-180078200;305081300
233164.8;618750000;-66.5;-180061600;306643800
233753.6;620312500;-66.5;-180011300;308206300
234342.4;621875000;-66.5;-179980900;309768800
234931.2;623437500;-66.5;-180060800;311331300
235520;625000000;-66.5;-180095400;312893800
236108.8;626562500;-66.5;-180128300;314456300
236697.6;628125000;-66.5;-180081200;316018800
237286.4;629687500;-66.5;-180039100;317581300
237875.2;631250000;-66.5;-180032000;319143800
238464;632812500;-66.5;-180000300;320706300
239052.8;634375000;-66.5;-180003700;322268800
239641.6;635937600;-66.5;-179966900;323831300
240230.4;637500000;-66.5;-179961400;325393800
240819.2;639062500;-66.5;-179916600;326956300
241408;640625000;-66.5;-179920700;328518800
241996.8;642187600;-66.5;-179929100;330081300
242585.6;643750000;-66.5;-179938300;331643800
243174.4;645312500;-66.5;-179892000;333206300
243763.2;646875000;-66.5;-179857200;334768800
244352;648437500;-66.5;-179829700;336331300
244940.8;650000000;-66.5;-179846900;337893800
245529.6;651562500;-66.5;-179849500;339456300
246118.4;653125000;-66.5;-179858100;341018800
246707.2;654687500;-66.5;-179791700;342581300
247296;656250000;-66.5;-179698600;344143800
247884.8;657812500;-66.5;-179827500;345706300
248473.6;659375100;-66.5;-179842200;347268800
249062.4;660937500;-66.5;-179822000;348831300
249651.2;662500000;-66.5;-179786300;350393800
250240;664062500;-66.5;-179823100;351956300
250828.8;665625100;-66.5;-179749500;353518800
251417.6;667187500;-66.5;-179686200;355081300
252006.4;668750000;-66.5;-179702100;356643800
252595.2;670312500;-66.5;-179757400;358206300
253184;671875100;-66.5;-179725300;359768800
253772.8;673437500;-66.5;-179785100;361331300
254361.6;675000000;-66.5;-179762400;362893800
254950.4;676562500;-66.5;-179767500;364456300
255539.2;678125000;-66.5;-179734200;366018800
256128;679687500;-66.5;-179762100;367581300
256716.8;681250000;-66.5;-179753600;369143800
257305.6;682812500;-66.5;-179852400;370706300
257894.4;684375000;-66.5;-179825200;372268800
258483.2;685937500;-66.5;-179782600;373831300
259072;687500000;-66.5;-179900100;375393800
259660.8;689062600;-66.5;-179862800;376956300
260249.6;690625000;-66.5;-179909000;378518800
260838.4;692187500;-66.5;-179894700;380081300
261427.2;693750000;-66.5;-179841700;381643800
262016;695312600;-66.5;-179887300;383206300
262604.8;696875000;-66.5;-179913500;384768800
263193.6;698437500;-66.5;-179889900;386331300
263782.4;700000000;-66.5;-179902700;387893800
264371.2;701562500;-66.5;-179960700;389456300
264960;703125000;-66.5;-179928900;391018800
265548.8;704687500;-66.5;-179969300;392581300
266137.6;706250000;-66.5;-179930200;394143800
266726.4;707812500;-66.5;-179967600;395706300
267315.2;709375000;-66.5;-179934100;397268800
267904;710937500;-66.5;-179980800;398831300
268492.8;712500100;-66.5;-180043300;400393800
269081.6;714062500;-66.5;-179967200;401956300
269670.4;715625000;-66.5;-179998000;403518800
270259.2;717187500;-66.5;-179975600;405081300
270848;718750100;-66.5;-180027300;406643800
271436.8;720312500;-66.5;-180103700;408206300
272025.6;721875000;-66.5;-180064700;409768800
272614.4;723437500;-66.5;-180079500;411331300
273203.2;725000100;-66.5;-180141700;412893800
273792;726562500;-66.5;-180186900;414456300
274380.8;728125000;-66.5;-180175000;416018800
274969.6;729687500;-66.5;-180153900;417581300
275558.4;731250000;-66.5;-180223100;419143800
276147.2;732812500;-66.5;-180293700;420706300
276736;734375000;-66.5;-180259400;422268800
277324.8;735937600;-66.5;-180296300;423831300
277913.6;737500000;-66.5;-180287600;425393800
278502.4;739062500;-66.5;-180353500;426956300
279091.2;740625000;-66.5;-180378200;428518800
279680;742187600;-66.5;-180417900;430081300
280268.8;743750000;-66.5;-180453000;431643800
280857.6;745312500;-66.5;-180447800;433206300
281446.4;746875000;-66.5;-180430400;434768800
282035.2;748437600;-66.5;-180449000;436331300
282624;750000000;-66.5;-180470200;437893800
283212.8;751562500;-66.5;-180528500;439456300
283801.6;753125000;-66.5;-180437600;441018800
284390.4;754687600;-66.5;-180529100;442581300
284979.2;756250000;-66.5;-180574900;444143800
285568;757812500;-66.5;-180637300;445706300
286156.8;759375000;-66.5;-180633600;447268800
286745.6;760937500;-66.5;-180663100;448831300
287334.4;762500000;-66.5;-180581900;450393800
287923.2;764062500;-66.5;-180710700;451956300
288512;765625100;-66.5;-180792100;453518800
289100.8;767187500;-66.5;-180762500;455081300
289689.6;768750000;-66.5;-180783800;456643800
290278.4;770312500;-66.5;-180789100;458206300
290867.2;771875100;-66.5;-180769300;459768800
291456;773437500;-66.5;-180786300;461331300
292044.8;775000000;-66.5;-180779200;462893800
292633.6;776562500;-66.5;-180729500;464456300
293222.4;778125100;-66.5;-180723900;466018800
293811.2;779687500;-66.5;-180757600;467581300
294400;781250000;-66.5;-180816000;469143800
294988.8;782812500;-66.5;-180821100;470706300
295577.6;784375000;-66.5;-180853900;472268800
296166.4;785937500;-66.5;-180883800;473831300
296755.2;787500000;-66.5;-180832300;475393800
297344;789062600;-66.5;-180911100;476956300
297932.8;790625000;-66.5;-180837500;478518800
298521.6;792187500;-66.5;-180824000;480081300
299110.4;793750000;-66.5;-180921100;481643800
299699.2;795312600;-66.5;-180899000;483206300
300288;796875000;-66.5;-180881400;484768800
300876.8;798437500;-66.5;-180861100;486331300
301465.6;800000000;-66.5;-180849200;487893800
302054.4;798434500;-66.5;-180837700;486328300
302643.2;796868900;-66.5;-180886400;484762700
303232;795303400;-66.5;-180848700;483197100
303820.8;793737800;-66.5;-180882100;481631600
304409.6;792172300;-66.5;-180931100;480066000
304998.4;790606700;-66.5;-180931000;478500500
305587.2;789041100;-66.5;-180943100;476934900
306176;787475600;-66.5;-180892900;475369400
306764.8;785910000;-66.5;-180931900;473803800
307353.6;784344500;-66.5;-180872000;472238200
307942.4;782778900;-66.5;-180947100;470672700
308531.2;781213400;-66.5;-180915900;469107200
309120;779647800;-66.5;-180798000;467541600
309708.8;778082200;-66.5;-180868800;465976000
310297.6;776516700;-66.5;-180955000;464410500
310886.4;774951100;-66.5;-180884000;462844900
311475.2;773385600;-66.5;-180890500;461279400
312064;771820000;-66.5;-180862100;459713800
312652.8;770254400;-66.5;-180783500;458148200
313241.6;768688900;-66.5;-180782400;456582700
313830.4;767123300;-66.5;-180760300;455017100
314419.2;765557800;-66.5;-180760100;453451500
315008;763992200;-66.5;-180831800;451886000
315596.8;762426700;-66.5;-180768700;450320500
316185.6;760861100;-66.5;-180762300;448754900
316774.4;759295500;-66.5;-180823400;447189300
317363.2;757730000;-66.5;-180847800;445623800
317952;756164400;-66.5;-180717800;444058200
318540.8;754598900;-66.5;-180705000;442492700
319129.6;753033300;-66.5;-180726000;440927100
319718.4;751467700;-66.5;-180762100;439361500
320307.2;749902200;-66.5;-180704000;437796000
320896;748336600;-66.5;-180693600;436230400
321484.8;746771100;-66.5;-180726700;434664900
322073.6;745205500;-66.5;-180643400;433099300
322662.4;743640000;-66.5;-180589000;431533800
323251.2;742074400;-66.5;-180625400;429968200
323840;740508800;-66.5;-180625600;428402600
324428.8;738943300;-66.5;-180593300;426837100
325017.6;737377700;-66.5;-180626000;425271500
325606.4;735812200;-66.5;-180559800;423706000
326195.2;734246600;-66.5;-180520000;422140400
326784;732681100;-66.5;-180546400;420574900
327372.8;731115500;-66.5;-180465800;419009300
327961.6;729549900;-66.5;-180512200;417443700
328550.4;727984400;-66.5;-180491900;415878200
329139.2;726418800;-66.5;-180514600;414312600
329728;724853300;-66.5;-180522600;412747100
330316.8;723287700;-66.5;-180521000;411181500
330905.6;721722100;-66.5;-180400500;409615900
331494.4;720156600;-66.5;-180425500;408050400
332083.2;718591100;-66.5;-180399400;406484800
332672;717025500;-66.5;-180451000;404919300
333260.8;715459900;-66.5;-180336000;403353700
333849.6;713894400;-66.5;-180345800;401788200
334438.4;712328800;-66.5;-180338800;400222600
335027.2;710763200;-66.5;-180388300;398657000
335616;709197700;-66.5;-180411800;397091500
336204.8;707632100;-66.5;-180379200;395525900
336793.6;706066600;-66.5;-180308800;393960400
337382.4;704501000;-66.5;-180316300;392394800
337971.2;702935400;-66.5;-180207800;390829200
338560;701369900;-66.5;-180230200;389263700
339148.8;699804400;-66.5;-180330200;387698100
339737.6;698238800;-66.5;-180271100;386132600
340326.4;696673200;-66.5;-180213000;384567000
340915.2;695107700;-66.5;-180221700;383001500
341504;693542100;-66.5;-180235700;381435900
342092.8;691976600;-66.5;-180252600;379870300
342681.6;690411000;-66.5;-180199400;378304800
343270.4;688845400;-66.5;-180127600;376739200
343859.2;687279900;-66.5;-180162100;375173700
344448;685714300;-66.5;-180154900;373608100
345036.8;684148800;-66.5;-180110500;372042600
345625.6;682583200;-66.5;-180092600;370477000
346214.4;681017700;-66.5;-180065700;368911400
346803.2;679452100;-66.5;-180124200;367345900
347392;677886500;-66.5;-180030600;365780300
347980.8;676321000;-66.5;-180101800;364214800
348569.6;674755400;-66.5;-180082400;362649200
349158.4;673189900;-66.5;-180034300;361083600
349747.2;671624300;-66.5;-179995800;359518100
350336;670058800;-66.5;-180015600;357952500
350924.8;668493200;-66.5;-179970100;356387000
351513.6;666927600;-66.5;-179989300;354821400
352102.4;665362100;-66.5;-179977000;353255900
352691.2;663796500;-66.5;-179935900;351690300
353280;662231000;-66.5;-179995300;350124700
353868.8;660665400;-66.5;-179967100;348559200
354457.6;659099800;-66.5;-179980800;346993600
355046.4;657534300;-66.5;-179934200;345428100
355635.2;655968700;-66.5;-179910400;343862500
356224;654403200;-66.5;-179952200;342296900
356812.8;652837600;-66.5;-179930200;340731400
357401.6;651272100;-66.5;-180014000;339165900
357990.4;649706500;-66.5;-179907600;337600300
358579.2;648140900;-66.5;-179893300;336034700
359168;646575400;-66.5;-179988100;334469200
359756.8;645009800;-66.5;-179985900;332903600
360345.6;643444300;-66.5;-179958500;331338000
360934.4;641878700;-66.5;-179977000;329772500
361523.2;640313100;-66.5;-179910900;328206900
362112;638747600;-66.5;-179928800;326641400
362700.8;637182000;-66.5;-179870600;325075800
363289.6;635616500;-66.5;-179851500;323510300
363878.4;634050900;-66.5;-179896400;321944700
364467.2;632485400;-66.5;-179869900;320379200
365056;630919800;-66.5;-179834000;318813600
365644.8;629354200;-66.5;-179848100;317248000
366233.6;627788700;-66.5;-179864000;315682500
366822.4;626223100;-66.5;-179881600;314116900
367411.2;624657600;-66.5;-179878300;312551300
368000;623092000;-66.5;-179936300;310985800
368588.8;621526500;-66.5;-179961700;309420300
369177.6;619960900;-66.5;-179953600;307854700
369766.4;618395300;-66.5;-179968400;306289100
370355.2;616829800;-66.5;-179954200;304723600
370944;615264200;-66.5;-179879700;303158000
371532.8;613698700;-66.5;-179928400;301592500
372121.6;612133100;-66.5;-179877200;300026900
372710.4;610567500;-66.5;-179873100;298461300
373299.2;609002000;-66.5;-179890600;296895800
373888;607436400;-66.5;-179953300;295330200
374476.8;605870900;-66.5;-179968000;293764700
375065.6;604305300;-66.5;-179972800;292199100
375654.4;602739800;-66.5;-179934900;290633600
376243.2;601174200;-66.5;-179997800;289068000
376832;599608600;-66.5;-180051400;287502400
377420.8;598043100;-66.5;-180072000;285936900
378009.6;596477500;-66.5;-179977500;284371300
378598.4;594912000;-66.5;-180054100;282805800
379187.2;593346400;-66.5;-180043500;281240200
379776;591780800;-66.5;-180020500;279674600
380364.8;590215300;-66.5;-179974400;278109100
380953.6;588649700;-66.5;-179893300;276543500
381542.4;587084200;-66.5;-179963000;274978000
382131.2;585518600;-66.5;-179983000;273412400
382720;583953100;-66.5;-180076200;271846900
383308.8;582387500;-66.5;-180022400;270281300
383897.6;580821900;-66.5;-180021200;268715700
384486.4;579256400;-66.5;-180050600;267150200
385075.2;577690900;-66.5;-180054200;265584600
385664;576125300;-66.5;-180061100;264019100
386252.8;574559700;-66.5;-180061500;262453500
386841.6;572994200;-66.5;-180164700;260888000
387430.4;571428600;-66.5;-180105900;259322400
388019.2;569863000;-66.5;-180054300;257756800
388608;568297500;-66.5;-180107900;256191300
389196.8;566731900;-66.5;-180104700;254625700
389785.6;565166400;-66.5;-180143500;253060200
390374.4;563600800;-66.5;-180166900;251494600
390963.2;562035200;-66.5;-180156000;249929000
391552;560469700;-66.5;-180167800;248363500
392140.8;558904200;-66.5;-180269000;246797900
392729.6;557338600;-66.5;-180219100;245232400
393318.4;555773000;-66.5;-180314900;243666800
393907.2;554207500;-66.5;-180283200;242101300
394496;552641900;-66.5;-180341100;240535700
395084.8;551076400;-66.5;-180388800;238970100
395673.6;549510800;-66.5;-180394500;237404600
396262.4;547945200;-66.5;-180385300;235839000
396851.2;546379700;-66.5;-180349100;234273500
397440;544814100;-66.5;-180382400;232707900
398028.8;543248500;-66.5;-180287400;231142300
398617.6;541683000;-66.5;-180253800;229576800
399206.4;540117500;-66.5;-180358000;228011200
399795.2;538551900;-66.5;-180407000;226445700
400384;536986300;-66.5;-180406800;224880100
400972.8;535420800;-66.5;-180437000;223314600
401561.6;533855200;-66.5;-180397100;221749000
402150.4;532289700;-66.5;-180395800;220183400
402739.2;530724100;-66.5;-180453200;218617900
403328;529158600;-66.5;-180456800;217052300
403916.8;527593000;-66.5;-180434700;215486800
404505.6;526027400;-66.5;-180465400;213921200
405094.4;524461900;-66.5;-180566200;212355700
405683.2;522896300;-66.5;-180575900;210790100
406272;521330800;-66.5;-180601300;209224500
406860.8;519765200;-66.5;-180591900;207659000
407449.6;518199600;-66.5;-180661100;206093400
408038.4;516634100;-66.5;-180737700;204527900
408627.2;515068500;-66.5;-180751500;202962300
409216;513503000;-66.5;-180680000;201396700
409804.8;511937400;-66.5;-180674700;199831200
410393.6;510371900;-66.5;-180688700;198265700
410982.4;508806300;-66.5;-180724500;196700100
411571.2;507240700;-66.5;-180782100;195134500
412160;505675200;-66.5;-180760000;193569000
412748.8;504109600;-66.5;-180829000;192003400
413337.6;502544100;-66.5;-180790800;190437800
413926.4;500978500;-66.5;-180738300;188872300
414515.2;499412900;-66.5;-180798400;187306700
415104;497847400;-66.5;-180905000;185741200
415692.8;496281800;-66.5;-180831200;184175600
416281.6;494716300;-66.5;-180787600;182610000
416870.4;493150700;-66.5;-180857700;181044500
417459.2;491585200;-66.5;-180941200;179479000
418048;490019600;-66.5;-180836900;177913400
418636.8;488454000;-66.5;-180917000;176347800
419225.6;486888500;-66.5;-180936300;174782300
419814.4;485322900;-66.5;-180850600;173216700
420403.2;483757400;-66.5;-180979900;171651200
420992;482191800;-66.5;-180964900;170085600
421580.8;480626300;-66.5;-181013500;168520100
422169.6;479060700;-66.5;-181083900;166954500
422758.4;477495100;-66.5;-181012300;165388900
423347.2;475929600;-66.5;-181068000;163823400
423936;474364000;-66.5;-181084000;162257800
424524.8;472798500;-66.5;-181123500;160692300
425113.6;471232900;-66.5;-181134400;159126700
425702.4;469667300;-66.5;-181096400;157561100
426291.2;468101800;-66.5;-181053900;155995600
426880;466536200;-66.5;-181081200;154430000
427468.8;464970700;-66.5;-181138900;152864500
428057.6;463405100;-66.5;-181152300;151298900
428646.4;461839600;-66.5;-181077800;149733400
429235.2;460274000;-66.5;-181057900;148167800
429824;458708400;-66.5;-181069000;146602200
430412.8;457142900;-66.5;-181061800;145036700
431001.6;455577300;-66.5;-181082700;143471100
431590.4;454011800;-66.5;-181070400;141905600
432179.2;452446200;-66.5;-181057800;140340000
432768;450880600;-66.5;-181104400;138774400
433356.8;449315100;-66.5;-181128700;137208900
433945.6;447749500;-66.5;-181144800;135643300
434534.4;446184000;-66.5;-181095200;134077800
435123.2;444618400;-66.5;-181000800;132512200
435712;443052900;-66.5;-181036500;130946700
436300.8;441487300;-66.5;-181036100;129381100
436889.6;439921700;-66.5;-181046700;127815500
437478.4;438356200;-66.5;-181125900;126249900
438067.2;436790700;-66.5;-181007000;124684400
438656;435225100;-66.5;-181003000;123118800
439244.8;433659500;-66.5;-181074000;121553300
439833.6;432094000;-66.5;-181104600;119987700
440422.4;430528400;-66.5;-181070800;118422100
441011.2;428962900;-66.5;-180982600;116856600
441600;427397300;-66.5;-180951800;115291000
442188.8;425831700;-66.5;-180833500;113725500
442777.6;424266200;-66.5;-180931900;112159900
443366.4;422700600;-66.5;-180904300;110594400
443955.2;421135000;-66.5;-180838100;109028800
444544;419569500;-66.5;-180804200;107463200
445132.8;418004000;-66.5;-180813400;105897700
445721.6;416438400;-66.5;-180812400;104332100
446310.4;414872800;-66.5;-180856500;102766600
446899.2;413307300;-66.5;-180785200;101201000
447488;411741700;-66.5;-180796200;99635490
448076.8;410176200;-66.5;-180858200;98069940
448665.6;408610600;-66.5;-180885600;96504400
449254.4;407045000;-66.5;-180875300;94938810
449843.2;405479500;-66.5;-180794000;93373270
450432;403913900;-66.5;-180797500;91807720
451020.8;402348400;-66.5;-180744300;90242140
451609.6;400782800;-66.5;-180671400;88676590
452198.4;399217300;-66.5;-180676200;87111050
452787.2;397651700;-66.5;-180670700;85545460
453376;396086100;-66.5;-180687600;83979920
453964.8;394520600;-66.5;-180628500;82414370
454553.6;392955000;-66.5;-180624100;80848790
455142.4;391389500;-66.5;-180611900;79283240
455731.2;389823900;-66.5;-180560600;77717700
456320;388258400;-66.5;-180543500;76152150
456908.8;386692800;-66.5;-180565600;74586570
457497.6;385127200;-66.5;-180590400;73021020
458086.4;383561700;-66.5;-180506100;71455480
458675.2;381996100;-66.5;-180441200;69889900
459264;380430600;-66.5;-180466300;68324350
459852.8;378865000;-66.5;-180477000;66758800
460441.6;377299400;-66.5;-180397600;65193220
461030.4;375733900;-66.5;-180424400;63627670
461619.2;374168300;-66.5;-180335500;62062130
462208;372602800;-66.5;-180326600;60496550
462796.8;371037200;-66.5;-180330600;58931000
463385.6;369471700;-66.5;-180279300;57365450
463974.4;367906100;-66.5;-180264800;55799870
464563.2;366340500;-66.5;-180274400;54234330
465152;364775000;-66.5;-180268600;52668780
465740.8;363209400;-66.5;-180277300;51103200
466329.6;361643900;-66.5;-180189300;49537650
466918.4;360078300;-66.5;-180105900;47972100
467507.2;358512700;-66.5;-180083000;46406520
468096;356947200;-66.5;-180170200;44840980
468684.8;355381600;-66.5;-180154700;43275430
469273.6;353816100;-66.5;-180057900;41709850
469862.4;352250500;-66.5;-180134300;40144300
470451.2;350685000;-66.5;-180091200;38578760
471040;349119400;-66.5;-180043500;37013170
471628.8;347553800;-66.5;-180077000;35447630
472217.6;345988300;-66.5;-180093900;33882080
472806.4;344422700;-66.5;-180100300;32316500
473395.2;342857200;-66.5;-180124400;30750950
473984;341291600;-66.5;-180110200;29185410
474572.8;339726100;-66.5;-180082700;27619860
475161.6;338160500;-66.5;-179965100;26054280
475750.4;336594900;-66.5;-180019700;24488730
476339.2;335029400;-66.5;-179947300;22923190
476928;333463800;-66.5;-179906100;21357600
477516.8;331898300;-66.5;-179961200;19792060
478105.6;330332700;-66.5;-179946800;18226510
478694.4;328767100;-66.5;-179953700;16660930
479283.2;327201600;-66.5;-179905300;15095380
479872;325636000;-66.5;-179913600;13529830
480460.8;324070500;-66.5;-180009600;11964250
481049.6;322504900;-66.5;-179900300;10398700
481638.4;320939400;-66.5;-179829900;8833162
482227.2;319373800;-66.5;-179796800;7267581
482816;317808200;-66.5;-179764100;5702034
483404.8;316242700;-66.5;-179802600;4136488
483993.6;314677100;-66.5;-179866300;2570906
484582.4;313111600;-66.5;-179772700;1005360
485171.2;311546000;-66.5;-179774800;-560186
485760;309980400;-66.5;-179709300;-2125768
486348.8;308414900;-66.5;-179665000;-3691315
486937.6;306849400;-66.5;-179734300;-5256861
487526.4;305283800;-66.5;-179656400;-6822443
488115.2;303718200;-66.5;-179784700;-8387989
488704;302152700;-66.5;-179663400;-9953535
489292.8;300587100;-66.5;-179700700;-11519110
489881.6;299021500;-66.5;-179718400;-13084660
490470.4;297456000;-66.5;-179742400;-14650210
491059.2;295890400;-66.5;-179757700;-16215790
491648;294324900;-66.5;-179736700;-17781340
492236.8;292759300;-66.5;-179734400;-19346880
492825.6;291193800;-66.5;-179635000;-20912430
493414.4;289628200;-66.5;-179731000;-22478010
494003.2;288062700;-66.5;-179761300;-24043560
494592;286497100;-66.5;-179768400;-25609110
495180.8;284931500;-66.5;-179729300;-27174690
495769.6;283366000;-66.5;-181048500;-28740230
496358.4;281800400;-66.5;-180675200;-30305780
496947.2;280234900;-66.5;-180236200;-31871360
497536;278669300;-66.5;-179183600;-33436910
498124.8;277103800;-66.5;-178044000;-35002450
498713.6;275538200;-66.5;-177560700;-36568040
499302.4;273972600;-66.5;-176148000;-38133580
499891.2;272407100;-66.5;-175621100;-39699130
500480;270841500;-66.5;-174601200;-41264710
501068.8;269276000;-66.5;-173664200;-42830260
501657.6;267710400;-66.5;-172779800;-44395800
502246.4;266144800;-66.5;-171660300;-45961380
502835.2;264579300;-66.5;-171000800;-47526930
503424;263013700;-66.5;-169837600;-49092480
504012.8;261448200;-66.5;-169096400;-50658060
504601.6;259882600;-66.5;-167911700;-52223610
505190.4;258317100;-66.5;-166632700;-53789150
505779.2;256751500;-66.5;-166268800;-55354730
506368;255185900;-66.5;-164967300;-56920280
506956.8;253620400;-66.5;-164231300;-58485830
507545.6;252054800;-66.5;-163409700;-60051410
508134.4;250489300;-66.5;-161929800;-61616950
508723.2;248923700;-66.5;-161722400;-63182500
509312;247358100;-66.5;-160495300;-64748080
509900.8;245792600;-66.5;-159575600;-66313630
510489.6;244227000;-66.5;-158701700;-67879180
511078.4;242661500;-66.5;-157474700;-69444760
511667.2;241095900;-66.5;-156838400;-71010300
512256;239530400;-66.5;-155553300;-72575850
512844.8;237964800;-66.5;-154902100;-74141400
513433.6;236399200;-66.5;-153450200;-75706980
514022.4;234833700;-66.5;-152726400;-77272520
514611.2;233268100;-66.5;-151650900;-78838070
515200;231702600;-66.5;-150308700;-80403650
515788.8;230137000;-66.5;-150230100;-81969200
516377.6;228571500;-66.5;-148533800;-83534750
516966.4;227005900;-66.5;-147834300;-85100330
517555.2;225440300;-66.5;-147067700;-86665870
518144;223874800;-66.5;-145178200;-88231420
518732.8;222309200;-66.5;-145145200;-89797000
519321.6;220743700;-66.5;-143901700;-91362550
519910.4;219178100;-66.5;-142907400;-92928090
520499.2;217612500;-66.5;-142259500;-94493680
521088;216047000;-66.5;-140613300;-96059220
521676.8;214481400;-66.5;-140310500;-97624770
522265.6;212915900;-66.5;-139257100;-99190350
522854.4;211350300;-66.5;-138169000;-100755900
523443.2;209784800;-66.5;-137533100;-102321400
524032;208219200;-66.5;-136077700;-103887000
524620.8;206653600;-66.5;-135669100;-105452500
525209.6;205088100;-66.5;-134433700;-107018100
525798.4;203522500;-66.5;-133499300;-108583700
526387.2;201957000;-66.5;-132474500;-110149200
526976;200391400;-66.5;-131529100;-111714700
527564.8;198825800;-66.5;-130759300;-113280300
528153.6;197260300;-66.5;-129344200;-114845900
528742.4;195694700;-66.5;-128961500;-116411400
529331.2;194129200;-66.5;-127695400;-117977000
529920;192563600;-66.5;-126722300;-119542500
530508.8;190998100;-66.5;-126155500;-121108100
531097.6;189432500;-66.5;-124690900;-122673600
531686.4;187866900;-66.5;-124010700;-124239200
532275.2;186301400;-66.5;-122872600;-125804800
532864;184735800;-66.5;-121715200;-127370300
533452.8;183170300;-66.5;-121179100;-128935900
534041.6;181604700;-66.5;-119826300;-130501500
534630.4;180039200;-66.5;-119026500;-132067000
535219.2;178473600;-66.5;-117979400;-133632600
535808;176908000;-66.5;-116909400;-135198200
536396.8;175342500;-66.5;-116122900;-136763700
536985.6;173776900;-66.5;-115132500;-138329300
537574.4;172211400;-66.5;-114066700;-139894800
538163.2;170645800;-66.5;-112759300;-141460400
538752;169080200;-66.5;-112077300;-143026000
539340.8;167514700;-66.5;-111059700;-144591500
539929.6;165949200;-66.5;-109992400;-146157100
540518.4;164383600;-66.5;-109244200;-147722600
541107.2;162818000;-66.5;-107820600;-149288200
541696;161252500;-66.5;-106874200;-150853700
542284.8;159686900;-66.5;-105987600;-152419300
542873.6;158121300;-66.5;-104776700;-153984900
543462.4;156555800;-66.5;-103984900;-155550400
544051.2;154990200;-66.5;-103047200;-157116000
544640;153424700;-66.5;-101832900;-158681500
545228.8;151859100;-66.5;-100949100;-160247100
545817.6;150293500;-66.5;-99823590;-161812700
546406.4;148728000;-66.5;-98617360;-163378200
546995.2;147162500;-66.5;-97958860;-164943800
547584;145596900;-66.5;-96594560;-166509300
548172.8;144031300;-66.5;-95536000;-168074900
548761.6;142465800;-66.5;-94706730;-169640400
549350.4;140900200;-66.5;-93520050;-171206000
549939.2;139334700;-66.5;-92561450;-172771600
550528;137769100;-66.5;-91745920;-174337100
551116.8;136203600;-66.5;-90563200;-175902700
551705.6;134638000;-66.5;-89490790;-177468200
552294.4;133072400;-66.5;-88817970;-179033800
552883.2;131506900;-66.5;-87155020;-180599300
553472;129941300;-66.5;-86501810;-182164900
554060.8;128375800;-66.5;-85809040;-183730500
554649.6;126810200;-66.5;-84202120;-185296000
555238.4;125244600;-66.5;-83612680;-186861600
555827.2;123679000;-66.5;-82313420;-188427100
556416;122113500;-66.5;-81036040;-189992700
557004.8;120547900;-66.5;-80408140;-191558300
557593.6;118982400;-66.5;-79165140;-193123800
558182.4;117416800;-66.5;-77811430;-194689400
558771.2;115851200;-66.5;-77197440;-196254900
559360;114285700;-66.5;-76178610;-197820500
559948.8;112720100;-66.5;-74891810;-199386000
560537.6;111154600;-66.5;-74062950;-200951600
561126.4;109589000;-66.5;-72773990;-202517200
561715.2;108023500;-66.5;-71447270;-204082700
562304;106457900;-66.5;-70793890;-205648300
562892.8;104892300;-66.5;-69091200;-207213800
563481.6;103326800;-66.5;-68334370;-208779400
564070.4;101761200;-66.5;-67749170;-210345000
564659.2;100195700;-66.5;-65355050;-211910500
565248;98630160;-66.5;-65349120;-213476000
565836.8;97064580;-66.5;-63969800;-215041600
566425.6;95499040;-66.5;-61777280;-216607200
567014.4;93933490;-66.5;-62560230;-218172700
567603.2;92367940;-66.5;-60285840;-219738300
568192;90802360;-66.5;-59315080;-221303900
568780.8;89236810;-66.5;-58632960;-222869400
569369.6;87671270;-66.5;-56359910;-224434900
569958.4;86105690;-66.5;-56488140;-226000500
570547.2;84540140;-66.5;-55268130;-227566100
571136;82974590;-66.5;-54184320;-229131600
571724.8;81409010;-66.5;-52969250;-230697200
572313.6;79843470;-66.5;-52223700;-232262700
572902.4;78277920;-66.5;-50867490;-233828300
573491.2;76712340;-66.5;-49568580;-235393900
574080;75146790;-66.5;-48972160;-236959400
574668.8;73581240;-66.5;-46282990;-238525000
575257.6;72015660;-66.5;-45816550;-240090500
575846.4;70450120;-66.5;-45103180;-241656100
576435.2;68884570;-66.5;-42178500;-243221600
577024;67318990;-66.5;-42937130;-244787200
577612.8;65753440;-66.5;-41070250;-246352800
578201.6;64187900;-66.5;-39495090;-247918300
578790.4;62622310;-66.5;-39157230;-249483900
579379.2;61056770;-66.5;-37580330;-251049400
579968;59491220;-66.5;-36992520;-252615000
580556.8;57925640;-66.5;-35696170;-254180600
581145.6;56360090;-66.5;-34686600;-255746100
581734.4;54794550;-66.5;-33215650;-257311700
582323.2;53228970;-66.5;-32490990;-258877200
582912;51663420;-66.5;-31024810;-260442800
583500.8;50097870;-66.5;-28975180;-262008300
584089.6;48532290;-66.5;-29103700;-263573900
584678.4;46966740;-66.5;-26696660;-265139500
585267.2;45401200;-66.5;-25924770;-266705000
585856;43835650;-66.5;-25164040;-268270600
586444.8;42270070;-66.5;-22068240;-269836100
587033.6;40704520;-66.5;-22768930;-271401700
587622.4;39138980;-66.5;-20785160;-272967200
588211.2;37573400;-66.5;-19494340;-274532800
588800;36007850;-66.5;-18639010;-276098400
589388.8;34442300;-66.5;-16712140;-277663900
589977.6;32876720;-66.5;-16275200;-279229500
590566.4;31311170;-66.5;-14235920;-280795000
591155.2;29745630;-66.5;-13775820;-282360600
591744;28180050;-66.5;-11584170;-283926200
592332.8;26614500;-66.5;-10686310;-285491700
592921.6;25048950;-66.5;-10059810;-287057300
593510.4;23483370;-66.5;-6978900;-288622800
594099.2;21917830;-66.5;-7647700;-290188400
594688;20352280;-66.5;-5263650;-291753900
595276.8;18786700;-66.5;-4006980;-293319500
595865.6;17221150;-66.5;-3875950;-294885100
596454.4;15655600;-66.5;66380;-296450600
597043.2;14090020;-66.5;-939400;-298016200
597632;12524470;-66.5;1155080;-299581700
598220.8;10958930;-66.5;3558450;-301147300
598809.6;9393349;-66.5;3161300;-302712900
599398.4;7827802;-66.5;6547250;-304278400
599987.2;6262256;-66.5;5942450;-305844000
600576;4696674;-66.5;7744000;-307409500
601164.8;3131128;-66.5;8951970;-308975100
601753.6;1565582;-66.5;10216140;-310540600
602342.4;0;-66.5;12907050;-312106200
