G-peak FWHM	2D-peak FWHM
3.989344443	25.57381687	
11.26303569	23.481146	
13.69154351	17.9889955	
14.20867861	18.33865514	
13.70811117	17.60397385	
12.56750905	18.43723301	
15.60347482	22.24439052	
18.46849424	24.98435215	
18.71785742	29.13647417	
11.02278145	29.24038291	
9.954353729	23.5356761	
9.634542671	21.08318689	
9.643344405	23.02075434	
9.698232435	23.24028151	
9.943681996	22.25092528	
9.36058161	23.33796693	
9.557522858	22.65309398	
10.55666077	21.62848473	
14.88350587	24.91134107	
15.85530385	31.48505365	
18.62245712	28.72733277	
14.87375061	20.54739876	
15.13243266	16.90526434	
11.85850208	17.40145212	
12.86446557	16.88070717	
14.28256088	18.3906519	
14.57094572	20.89449846	
13.90266977	21.3460394	
14.1697907	19.28961508	
11.5292483	19.48924705	
10.19570685	21.51474267	
9.036270565	23.58483909	
9.385156172	23.39177201	
11.07630831	22.90751947	
9.692016019	22.93507282	
9.698227023	22.4664341	
10.36667968	21.98468267	
13.15592059	21.23544325	
15.16513098	21.35742427	
17.22319066	28.73868951	
17.97279742	35.67390416	
15.63723982	24.6061007	
14.19853015	18.32391579	
13.43337114	17.97692889	
14.81882639	18.3925712	
13.89625637	17.23136692	
14.32826837	17.35172139	
12.36645297	17.20858033	
11.98983977	19.14365309	
13.85340786	16.43088489	
14.20399461	17.01168015	
10.57772648	19.1392839	
10.19624639	21.25413424	
10.05821741	22.37444889	
9.55897842	22.21675967	
10.55639394	23.17740417	
20.34234515	31.42951402	
12.67226559	20.33708714	
18.01244648	22.53253204	
17.59896871	21.67488818	
16.94638744	27.62663823	
15.53984742	19.71132735	
13.55899434	17.36344303	
13.4913743	16.68813235	
14.3638768	17.37686721	
14.41733332	17.26006847	
13.02987396	15.80496948	
12.34024889	16.64123757	
14.86876994	19.29008163	
13.52258551	15.83953376	
14.39950211	16.61281364	
12.91246322	17.2978791	
12.29692511	18.14346246	
11.41044915	19.30818505	
10.55041815	22.89198261	
11.33055528	28.51951032	
7.708570677	15.70611856	
14.81111736	19.12546912	
21.04964654	29.06155245	
19.01662969	35.42446443	
14.58908215	21.15195777	
20.06836066	26.42136214	
14.52096714	21.99252443	
14.38349586	23.05701782	
13.31397571	20.6045145	
16.58332436	18.69605985	
14.29248275	17.38338564	
14.04101763	16.82172953	
13.37656241	16.93629304	
12.10973078	16.44718797	
13.21026667	16.31504024	
13.03535932	16.03655375	
14.20511536	17.03710185	
12.63757404	17.53248119	
16.20745216	16.95301439	
13.10154435	18.64764751	
12.68355903	19.72366872	
14.57077409	26.38369869	
21.47459264	37.86379607	
11.45227895	16.77658641	
16.67670873	18.00456751	
15.54368263	20.01006768	
14.79421531	23.63929404	
14.47591014	19.78510788	
17.48040348	23.47667889	
14.17491669	21.79087827	
14.63321299	21.35066937	
15.3076571	20.03787996	
14.32941265	18.17807577	
13.98555126	17.2206688	
12.03544795	17.27422501	
13.20638116	17.29097837	
13.66989998	16.39425791	
12.81967957	17.1387874	
13.77915702	16.55407778	
12.73646895	17.39696814	
12.24820983	16.65194142	
14.43661103	17.6039709	
13.54003087	18.41156375	
15.75793093	19.21543931	
19.37312842	35.10246696	
11.18627061	16.86147562	
9.239894665	16.79784566	
13.20771039	16.68162943	
13.65781195	17.73648676	
14.40935133	16.56430159	
16.11189172	18.9354485	
13.49935997	17.17936888	
15.30017454	17.84035721	
13.89446465	21.35250814	
15.01071604	20.30836912	
15.51285783	19.72674824	
14.42808639	18.1102419	
13.38735556	17.79868047	
12.62124739	17.65869236	
14.71826525	17.07083497	
13.8857154	16.47631477	
12.28784064	16.93798417	
15.52847703	16.94012377	
13.5399022	17.13949055	
13.84848773	17.11323591	
14.35317789	16.47490305	
14.61208669	18.66815071	
7.524665964	16.22209511	
12.32643093	15.83958828	
12.65267774	15.76300491	
13.53220471	16.52109868	
13.88996575	16.31133825	
13.04140774	16.52536336	
14.85660648	16.54516408	
13.98370976	15.54361712	
13.86228761	16.57598551	
13.09909696	18.52100628	
19.28095598	25.27251354	
15.28911053	25.27042005	
11.93610716	18.71289903	
12.464662	17.93198083	
12.10624912	16.71633214	
13.88267783	16.46711952	
14.29977584	16.52298148	
13.85281556	16.28685603	
13.384383	16.7025736	
13.65140066	17.14470191	
13.35000353	17.59655534	
14.23369982	17.06590257	
14.13502957	16.73378602	
19.65802613	17.49240779	
10.62312306	16.07259271	
13.03416132	15.77890224	
12.87819009	16.02374458	
13.26778785	16.00622043	
16.65271254	16.18837574	
14.27941005	16.40976146	
14.87525871	16.58199233	
13.88053794	16.07188774	
13.53072069	16.21603038	
12.68009554	17.45002608	
14.81467033	19.30012978	
19.53868276	25.7346324	
14.70672381	21.40825911	
11.4401623	17.41889198	
12.66891747	17.86133852	
13.05608948	17.74246058	
14.407386	16.41129117	
14.77249761	16.7310636	
13.64357561	15.79174423	
12.59427159	16.8418396	
14.44819245	16.20497637	
3.200211728	12.24354258	
15.81882327	16.89397466	
13.2116653	16.54014276	
13.11300226	16.94745288	
12.46584875	15.99047585	
13.33861194	15.92211194	
12.56600174	16.26401507	
15.18734131	16.11890532	
12.75301884	16.35680712	
14.9753354	16.64901168	
14.30836601	16.47964897	
15.88375728	16.35782901	
12.23579499	18.06221977	
12.66705281	17.94709949	
13.45613054	20.54560545	
15.31282175	25.34198906	
14.8427268	24.07617518	
13.79495726	20.51827395	
13.758918	17.88159365	
12.19052706	16.97285669	
13.5574975	17.02481982	
14.28303642	17.32527993	
12.91162838	16.55976676	
13.81891572	15.96113325	
18.1166451	18.17786544	
14.33367937	17.63192858	
12.41265185	16.48123438	
13.42565784	16.33827797	
13.63609077	16.10520781	
12.7721929	15.73700483	
12.89142675	16.54538245	
13.59456732	15.72149031	
12.98299449	16.6181671	
14.50084491	16.28717084	
14.37674859	15.87233036	
15.76490415	16.73670206	
11.99476971	18.60682638	
12.67005538	18.74841681	
11.88771518	19.58295186	
13.90562535	27.51364614	
16.24389448	28.15868938	
14.92030704	27.32902125	
15.17705459	21.15302805	
12.87134459	18.06488612	
12.26520394	17.97445245	
13.8568739	16.4591951	
13.92054162	16.63197904	
14.00817543	18.55018615	
13.16770194	17.69912521	
12.73434547	16.51632757	
13.51013355	16.33509397	
14.61470924	16.59586336	
13.38394918	16.34968345	
14.92001019	17.02320524	
12.23237819	16.24634064	
12.41081238	16.50763336	
13.42859331	16.30070196	
13.68592866	16.7817993	
14.69785885	16.84204394	
12.49624763	18.19575988	
12.63641038	17.83250547	
10.60065079	22.72187527	
12.29979987	27.37489344	
10.01476258	22.03351315	
12.19153659	26.01511722	
17.55343495	23.47840236	
15.1348726	25.95284575	
14.60076427	21.42719338	
12.18304183	17.05188199	
7.346034637	15.3899207	
12.58782764	17.19067214	
12.49882828	16.78813895	
12.9266995	17.45015291	
12.3077236	17.09732645	
13.53037067	16.57696148	
14.36236087	16.62151469	
12.17978353	16.68753441	
15.3024402	17.16181749	
12.1665572	16.29421776	
12.88817292	16.02163589	
13.03270172	16.59398065	
12.10508877	16.76006012	
13.9270756	18.09063816	
12.91168842	18.1365442	
11.83456137	19.87216419	
10.85499119	27.23564206	
11.0171126	24.37378671	
8.506719883	17.88168914	
9.716235863	18.92032214	
15.32027249	19.37301592	
15.2618021	22.76468328	
15.27518284	25.21336123	
14.24058321	22.01449145	
16.36915439	15.01790094	
13.02159199	15.89425794	
13.31062614	16.68358796	
11.85286807	17.48832039	
13.11826243	17.44899959	
13.38164495	16.81429651	
13.32553305	17.09906125	
14.74479942	16.90937008	
15.71427219	16.67462364	
13.77209643	17.61961015	
14.56661819	17.6171373	
12.15448872	16.54246055	
13.76479316	16.90870156	
14.30714335	16.95302622	
14.50953724	21.01429726	
14.31601973	18.84338712	
14.78451015	23.65512756	
14.15572806	25.69348948	
11.17592774	20.23188826	
9.479833266	18.32486905	
10.59443826	17.87001558	
13.28627461	17.46883641	
13.93283078	19.1813828	
14.91468115	23.03074489	
17.35141067	25.49889291	
17.9682555	29.06424993	
14.73118907	16.40016745	
12.02969739	16.23741307	
13.35414881	15.98736275	
13.74678105	15.9288504	
12.4154541	17.55402158	
13.73423179	17.29776461	
15.1471528	16.62463858	
14.1378331	16.7509363	
14.09437473	17.31814194	
14.25945343	17.5056527	
14.44074813	18.19306103	
13.72150088	18.98623474	
13.2837591	17.78689862	
13.64847239	16.98688566	
15.04140921	17.89942588	
13.37959087	20.82310306	
14.22052009	19.89218407	
14.23566616	22.93181557	
14.70359558	20.25688982	
15.36588397	19.08027583	
12.75872308	18.45249088	
12.57013163	17.81176764	
12.24601302	18.18456575	
14.99095833	18.3283536	
16.03679763	22.39795563	
17.26978192	27.55304018	
17.70929765	30.30940681	
5.741241503	19.71435854	
13.86928894	16.80133316	
13.6045702	15.97383265	
12.57829917	16.76897663	
12.77336159	16.34250077	
14.75025245	15.92833168	
13.37947644	16.37516151	
13.58207155	16.51249792	
13.93234467	16.02032847	
13.50153002	15.97660766	
13.92773381	16.90196678	
14.02777314	16.83867162	
15.44520721	17.60303944	
13.57668197	21.15731484	
16.64113334	21.5934722	
15.73485418	18.96467807	
14.41251968	21.38731499	
12.50815618	20.03633812	
13.71703395	19.41614723	
14.03748504	18.67162377	
13.699233	18.21672333	
17.5083005	18.14519484	
13.24454479	18.23717936	
12.95010971	17.79502777	
11.86393551	18.31756993	
13.52003878	18.73483765	
18.74814357	30.21039805	
17.11569467	29.33780453	
34.02004019	20.42280142	
15.10963905	16.08145741	
11.69130723	17.03029433	
12.02600178	16.02089647	
12.88855441	16.03589637	
13.83681867	16.4116136	
12.36636939	16.21385427	
13.56505916	16.47679866	
13.35662545	16.03303214	
13.4680693	16.88955846	
12.87770577	16.8616081	
13.48072695	16.49002362	
13.51920492	17.07758306	
14.24047826	17.40433959	
14.0949065	22.19936573	
14.71509446	19.68612903	
15.06843343	19.57544817	
13.58160608	20.14330865	
12.64254076	19.69331624	
13.11670314	19.56432293	
13.21227446	17.9427704	
13.28437133	18.41929315	
14.41648469	18.07273789	
12.0764217	17.5317744	
12.91357447	17.8456537	
14.33390839	17.88578579	
14.06979917	19.20423398	
18.03336165	32.02408184	
7.541127856	20.6078429	
14.62945502	18.11043462	
13.00231204	16.69357575	
12.87061667	16.88807595	
12.65112484	16.72177766	
15.15601523	16.76423412	
13.20857326	16.86529082	
12.79896113	15.95567431	
13.30130189	16.57231796	
12.97148619	16.75216633	
13.20273278	18.57581584	
13.10368556	17.13247328	
14.79439467	16.38405668	
14.08401001	17.1663964	
14.84220948	17.66071413	
14.10794062	17.62362243	
13.85705077	17.06118683	
13.50633901	19.65767214	
14.87895306	20.55650024	
12.26995776	19.86475994	
13.60864596	20.20876213	
11.86478975	18.65451101	
13.27556111	18.18537218	
12.23327555	18.56355086	
11.77008695	17.98279413	
13.07353724	17.92081619	
12.0745937	18.55515893	
15.36278661	21.68009821	
17.38538377	30.13875894	
16.62903462	22.57282842	
12.85111137	23.19637338	
13.86674271	19.57437318	
14.30398611	17.91865959	
14.98106348	16.3482444	
12.67276084	16.04561816	
13.01420283	16.71183292	
13.65706648	17.11995794	
11.84587814	16.28870273	
12.81949443	16.44300265	
13.36614	16.52539731	
13.41779379	20.34230612	
13.83399838	17.06191354	
14.80015207	16.49722506	
15.37019386	16.98242943	
14.74337434	17.22122006	
12.99228222	16.52933621	
12.83848473	17.45344475	
13.83873177	18.65924249	
13.41545949	20.57763367	
13.17447144	21.16140196	
13.83186381	23.27209394	
12.25984645	20.73907882	
13.12417518	18.57955238	
12.47795461	17.84075189	
12.9282029	18.55554166	
11.92086399	17.92285733	
14.07326009	18.00660124	
16.14108239	29.24429645	
18.76082708	18.90767474	
15.49233644	24.71997418	
17.31635609	29.3714271	
15.17608263	21.98847397	
15.00803123	17.63155044	
15.38446145	15.93479117	
13.16988527	15.93572531	
14.06108312	16.31203231	
14.49908833	16.70589085	
13.36620397	16.30522987	
14.19437858	16.40233954	
13.32558847	16.34614137	
13.34230676	19.40863823	
12.30461223	17.42723096	
12.78230932	16.48196953	
15.11861613	16.11570623	
14.10053753	16.45806553	
13.37361681	16.95186277	
15.25704832	19.51410436	
13.32027701	18.16153348	
12.75323624	17.35941882	
14.77546593	19.20721898	
14.29797922	22.82884667	
13.47369127	24.81962918	
13.30368037	19.67948347	
14.01645102	17.89036699	
12.35386111	18.71093023	
12.21389923	18.49030744	
16.07632657	18.7003579	
17.12352548	32.18489408	
34.33180927	20.6746292	
16.59797555	21.83154521	
15.59720761	21.39950516	
12.96343354	21.49945072	
6.811571212	23.10576456	
17.03839223	20.87123385	
15.77191916	20.18695233	
14.38743111	20.14694314	
15.93357809	23.39620673	
13.31788664	19.53394233	
14.46059272	17.27528988	
13.67627944	15.83419908	
12.34939305	15.80072012	
12.4217366	16.12225168	
13.65186882	16.3059672	
12.65446315	15.88255361	
13.72406038	16.83504229	
13.73264157	17.02076456	
12.20802235	16.54339951	
14.07592774	16.39209771	
13.144169	16.72732831	
14.12625696	17.51579936	
15.77223381	27.27281483	
13.90835201	19.0665002	
14.86347982	16.78162537	
14.30151742	17.93171667	
13.85537315	17.77432761	
13.5975591	18.69461431	
12.79743242	19.7979257	
12.74420664	18.40923972	
14.14650801	20.65068849	
12.72626739	20.25984687	
19.8645667	24.35984777	
3.512431829	12.59476867	
23.23475339	18.73088314	
6.127790014	17.15699063	
18.99497052	25.53029164	
14.74781176	23.69860306	
18.30994687	23.16703011	
15.95845104	29.38510565	
16.8662129	25.29063952	
6.590701236	23.29162337	
47.16825678	17.44077442	
17.3428705	17.2221663	
11.36554136	18.32755898	
15.71188302	22.25665818	
13.6279957	17.20197046	
13.67089465	18.92286224	
13.71706433	17.51946199	
14.80397065	19.1399495	
13.42276813	17.40027024	
12.70559606	16.20783978	
11.74533782	16.21051316	
14.16670354	16.33183913	
12.09815318	16.31220416	
13.58738561	16.40102235	
13.83210838	17.38923163	
12.52131217	16.72002669	
13.22236337	16.54103861	
13.0509317	16.87619687	
14.66382683	17.50119286	
14.20021244	19.99867031	
14.92982137	20.9469137	
13.54720461	16.41249914	
12.2645182	17.19639768	
14.19604502	17.56505092	
13.61804708	18.36951927	
11.2007809	19.33721867	
14.69443795	19.45317197	
13.48575264	21.8139683	
15.18831884	24.28969244	
5.553406288	17.66315114	
11.52716611	17.70545001	
11.10168172	16.79306271	
16.04303897	22.09883517	
14.80501386	23.42675976	
14.90358823	22.26296423	
16.4725899	27.85885139	
15.25699975	24.1839514	
15.20655339	22.58744863	
12.05704581	18.30711188	
13.18136608	18.75134778	
17.84428669	18.68616337	
7.161090839	16.63648663	
14.87995463	16.51340066	
14.79566427	16.90896133	
13.66164436	18.46921316	
14.11495147	22.32488334	
14.30878805	16.83794188	
13.34270683	16.22478935	
13.67335445	16.7967018	
14.63445506	19.22531928	
14.79539177	21.33657228	
13.16679639	17.20053702	
12.52657408	16.98442629	
14.74508217	16.3709559	
12.47437634	16.66314144	
13.03749984	16.91349909	
12.7499037	16.48052988	
12.42705335	17.11940224	
13.31167745	18.22675943	
12.82247723	16.92601907	
12.53330903	17.02068741	
12.3534096	17.18797583	
13.92223509	17.43288087	
13.9555671	17.34180269	
13.59216982	19.27792171	
13.17201847	17.75406782	
13.25805306	17.33385498	
14.73321055	17.83470172	
13.42139029	17.41198951	
11.9075347	20.5385953	
12.91223713	21.47894005	
12.12475915	27.87925147	
17.66810656	30.75411042	
13.62027834	16.12217184	
12.61009703	16.90754104	
13.85603061	16.60499053	
13.28425604	17.46660694	
12.98421158	17.57085359	
13.33077956	16.50316373	
13.72919361	20.48023272	
14.82473811	20.03026074	
13.85445944	20.47247519	
13.51349376	21.22478515	
15.38374095	21.22938272	
18.18435063	24.87002286	
16.18006686	22.72747019	
16.27635414	17.68464977	
14.29023679	22.4503235	
21.46682562	14.64132014	
10.9059314	16.66429579	
13.48525509	16.82763032	
13.29674728	16.58482697	
14.42782299	16.79455947	
13.50486166	17.36861154	
13.15046007	18.88744939	
13.77537782	16.62823761	
14.01586787	16.20976415	
13.21784895	16.90379041	
12.52208366	17.5767681	
13.62021939	21.55099838	
13.54294093	19.65226065	
13.47366437	17.4645826	
14.26826331	16.56202733	
11.46355005	16.4511727	
13.57553115	16.4927158	
12.96158275	16.80151109	
12.92675187	16.89809216	
12.62474342	18.71605365	
12.07783725	16.98090515	
13.47154848	17.58207282	
12.45641314	17.67400262	
12.33595525	16.74299246	
14.06996958	16.92329765	
13.85664285	17.39953454	
15.3614074	17.75104064	
13.78978607	19.17713383	
15.52459852	19.52536431	
15.15509947	18.69892475	
15.12598621	22.55140915	
11.99243856	27.00153125	
11.924985	27.42995381	
13.13641723	18.80573238	
10.09876897	16.77737649	
12.74140588	16.97322426	
14.41612475	17.87569042	
13.15885376	16.43426149	
13.55800487	15.90273186	
13.38961994	16.20042495	
11.04258942	17.20400244	
11.97988952	16.72954953	
12.19284407	18.10805924	
14.10382227	21.36699702	
17.03563395	22.89079453	
17.69136333	23.68455152	
19.21938899	26.67945431	
13.71060448	20.93272626	
13.41074534	22.29769232	
17.12788435	30.95444465	
13.56917269	22.08707423	
13.48461323	17.68863785	
10.48221575	19.93133808	
17.10621016	20.46334349	
7.480983633	14.81538666	
13.64577893	20.27945209	
12.86330893	17.25776632	
12.38962558	16.83715625	
12.9678627	17.62885968	
13.49777803	16.59635917	
12.19629269	16.58624248	
13.40017182	17.21850734	
12.46109186	17.16284206	
12.71971717	16.80311928	
12.89198092	16.66814855	
13.31386596	16.93552501	
13.36030821	17.80768549	
13.81992077	18.55795098	
12.79130082	17.68074058	
14.04002639	17.41018431	
13.2769904	16.64092321	
14.33601866	17.07981144	
13.86581357	17.02349672	
13.33182287	17.17636916	
12.45514832	20.4299731	
12.90973344	16.8440413	
14.519254	16.95485737	
12.33484109	17.37988598	
12.54696609	17.21840428	
13.47642491	17.00571821	
14.24280562	16.90024425	
14.683992	18.0571735	
14.30171718	21.68841079	
18.16424684	22.70042898	
18.90220894	23.44397488	
15.00090385	26.38727763	
10.68171879	24.82754622	
12.8563192	30.23663932	
8.981916876	19.2796031	
11.52358927	20.30274403	
12.4722029	16.78607888	
12.98153142	17.61628	
13.44183388	18.10549924	
13.87273017	16.18188473	
14.64979596	15.93318758	
12.63715568	16.04009279	
11.32864074	16.77627069	
12.45582023	17.38178676	
12.03703997	16.82721964	
13.9988696	20.10673331	
11.94163948	19.49203907	
14.07099167	19.28040451	
18.20657565	25.07860118	
11.05450938	20.90355305	
11.60123042	19.73579772	
14.73344849	27.39738006	
14.94363138	26.6009811	
14.81503956	19.71665687	
13.97364579	22.86393182	
13.97218487	19.6721331	
15.27204771	18.23362871	
13.46693316	17.45982996	
14.1010546	16.48146659	
13.4142327	17.56296655	
13.76385013	17.09690809	
14.09986776	17.02306808	
12.54415753	16.89016094	
13.67258135	17.02620561	
14.65757402	16.32215441	
14.04606384	17.097589	
13.40649728	17.74317902	
13.14923808	16.94684457	
12.6256013	16.63037568	
12.80885941	16.75085549	
14.27403899	16.15662934	
13.59516226	16.97051722	
14.23568888	18.87367402	
15.64007971	20.8227578	
14.46663247	19.46842707	
14.75936936	19.72892985	
14.14452195	17.88839238	
15.50103629	17.3747813	
13.43892695	21.83986199	
12.49766451	17.11974368	
13.49446045	17.37622713	
12.57604769	16.91295034	
13.66688647	17.27711457	
12.92495158	17.63930332	
13.93020141	17.21235279	
16.49349569	20.89666679	
17.57783405	26.89904529	
18.59004924	28.48303421	
16.60406168	22.3281046	
10.85659687	22.86016057	
10.37535884	29.6922771	
10.72223842	18.58622106	
9.34525837	19.35513192	
11.99320515	22.20974508	
14.41412807	16.58044838	
14.01087769	17.93310027	
11.80005153	16.53000959	
12.11180982	15.76057426	
13.6860313	15.94030174	
14.01260679	16.11838903	
12.64035146	15.84264099	
13.44876799	18.74345566	
12.7429611	15.95551187	
12.94864725	18.01555401	
11.30876044	17.656372	
14.95746195	18.34921548	
12.21397763	19.22071951	
13.68962068	18.81228545	
11.86695119	17.59584737	
13.1683873	22.64574851	
17.70105125	27.8944022	
15.65395538	24.22609711	
12.25370856	23.57616447	
14.44358812	24.42021792	
14.23130247	22.73468616	
15.2285466	16.83170592	
15.99718241	18.09920208	
13.64825995	18.91024001	
11.33959167	17.94079791	
16.83229836	16.37699613	
12.98936096	17.22204341	
13.72153754	16.2603766	
9.501363726	17.70267003	
13.53230716	15.55165357	
10.53125024	16.2201281	
14.3333371	17.45908913	
12.76284166	18.14412518	
15.82563018	17.77736238	
13.13375133	15.89838149	
13.99405513	16.9337032	
14.73597275	17.63293491	
12.01992239	17.65574785	
11.69923931	17.41546456	
13.60539208	16.86568771	
15.04344278	16.48638592	
12.31644675	18.12605851	
11.18310883	19.09889251	
13.14272021	16.66349034	
13.41560261	16.44369901	
12.44916057	18.04042916	
14.82362457	16.78062813	
14.22795289	16.45548124	
14.75309904	18.32483884	
17.03715673	24.90088545	
26.37473218	28.45427071	
17.0136194	26.07770019	
18.53139321	24.10222036	
13.19213144	18.76477113	
14.03887147	20.71745519	
12.21318358	17.41510707	
14.0672072	16.98867454	
13.09385239	17.92683716	
14.2606705	17.51196467	
15.68813581	18.14721244	
15.05613186	18.55110039	
18.19228945	24.67111431	
18.53730742	33.87067364	
12.76042268	22.43518684	
9.790746918	20.62485472	
12.00843826	16.14150227	
10.86082211	17.44431772	
11.61318159	18.79660119	
14.10835063	19.63893872	
12.95476863	16.30243221	
12.42420126	16.68657285	
12.66878715	16.20635243	
12.43902914	16.4872842	
12.97508301	16.3955593	
12.45860041	16.05403282	
14.64447191	16.77027516	
14.21108636	21.642745	
12.33271101	16.89688343	
12.04446787	16.86861556	
12.58226413	17.42458663	
14.80938655	17.29307662	
13.54313155	17.17072523	
12.64276241	17.06012025	
13.99459837	16.71452538	
13.48326236	17.27686151	
15.55125956	19.49017447	
14.30796057	24.41703306	
10.73343175	22.56858476	
15.16424142	27.89157184	
13.30254155	23.79881106	
13.30293192	18.50469348	
15.03486314	19.21147343	
14.64242163	18.64482296	
14.48549765	19.69819027	
14.30080668	16.61383115	
12.64422598	18.01410784	
12.98410424	16.77231142	
11.51269089	17.21050244	
12.64848097	16.64159569	
13.76959339	17.57771985	
12.28533712	18.29316665	
12.64131671	17.88714237	
16.04523472	17.13476276	
13.5751202	16.1254737	
12.62584835	16.52841382	
13.52900699	19.58887874	
12.51842101	18.49648491	
11.44153921	18.02723442	
13.97860161	16.96711305	
11.91746583	17.10843365	
11.88159719	19.25551495	
9.977253505	18.8234355	
13.2593117	16.68036198	
13.08599243	16.29369279	
12.72617702	17.78305658	
14.29771604	16.30877933	
13.52529832	16.45457065	
14.08291658	17.46860525	
13.37436527	19.84943559	
34.30997087	22.53585947	
24.66042167	50.94315394	
22.48302509	39.51509834	
15.84002332	25.44700297	
13.16053488	23.88206683	
12.3471283	19.4753537	
14.44969555	16.90285442	
13.61311299	17.56031286	
14.35907618	17.85685432	
13.70907404	17.65416681	
13.52194971	18.88837374	
14.40636571	18.94193672	
16.86312671	26.52558999	
12.26832683	21.77153674	
10.81139718	19.79082456	
13.67991402	16.405163	
12.84067489	16.06571719	
13.09640438	16.8028778	
12.30761364	16.73948224	
15.22231669	16.49485904	
13.037391	16.29689981	
12.04955893	16.28243128	
13.0505485	16.19029189	
13.91206381	16.02498797	
13.59307116	16.79098135	
13.21306481	17.60603765	
14.26222859	18.92162131	
13.95701499	17.7399565	
12.92119401	16.44453054	
12.49965495	16.366897	
12.72245342	16.71403281	
12.44239747	16.28830822	
14.05919559	16.33739157	
11.3467826	16.78160388	
14.79379612	16.54397396	
12.26700107	15.89876683	
11.41057394	17.15782392	
16.0273502	24.14056366	
12.72692011	19.94678601	
14.20516413	19.95254889	
13.53900621	22.00004308	
11.11768621	20.2183514	
14.67339889	23.82836341	
15.03325068	20.31359414	
13.08947188	18.86466758	
13.57889136	16.76062536	
15.78881301	20.13118557	
13.18699441	17.85214489	
11.93975031	17.07803736	
11.48162184	16.62545705	
15.21821467	19.32486577	
13.03008454	20.32959421	
16.11768337	17.72455603	
14.54599398	16.5517898	
13.66870203	18.01797084	
12.23943163	16.66502309	
13.46438714	18.64647986	
11.143741	19.30823894	
11.92313845	17.0896348	
14.38152555	17.44010683	
12.34804141	16.57947347	
11.61493646	19.66640577	
11.7574174	18.36768212	
12.35149699	16.6310681	
12.99730274	16.64801064	
13.79422797	16.54983563	
13.86985374	16.29093636	
14.74710757	16.30586374	
12.65431732	15.94724734	
12.70536879	17.17843403	
14.58074855	17.80461204	
15.90987478	22.49709591	
22.90634678	44.61680471	
22.8176511	33.11742135	
17.91294371	29.85084124	
13.92153291	22.56580131	
13.67682351	17.5962173	
14.6751434	18.43877574	
12.90392159	16.88304365	
14.49138418	16.8313471	
11.9369923	17.95951162	
12.55565058	18.34929937	
13.70444059	20.00721218	
11.442036	20.16454264	
9.737608615	21.35018778	
61.92272597	19.55531384	
9.924112127	17.45635135	
14.52012169	16.0694682	
13.9543346	15.8985054	
12.39687601	15.82881017	
12.12557131	16.34479798	
12.55307552	16.38389142	
13.28137008	16.38447964	
12.86964572	16.13227384	
13.19457323	16.38924549	
15.37603639	16.49291833	
12.95918827	16.48565419	
11.9873579	17.44348349	
11.83546896	17.87088818	
10.44101781	16.38219944	
14.41134508	16.04184369	
13.02140437	16.29895545	
13.23345114	16.45959189	
12.92254645	16.29519704	
13.13545876	16.12340496	
14.16302342	15.96364405	
13.99383705	16.7243078	
12.67145801	16.72208784	
13.37529753	16.432116	
15.31748935	19.926272	
14.39108564	17.99292843	
14.10438356	17.16529479	
12.73895375	17.7102181	
11.47798578	16.93965895	
13.20124804	23.88039145	
17.29385677	21.51099312	
13.49259628	20.85858251	
13.22528333	17.5529854	
13.67355793	18.49289219	
11.950444	17.31714662	
12.21436016	16.89282317	
13.26936909	16.9671546	
14.50094215	18.21056616	
12.64287599	19.17647003	
13.38671442	17.05421018	
15.36336753	17.24928089	
13.56004821	17.48990828	
12.53963473	16.24142649	
13.01413099	16.74584104	
13.08344134	16.62799153	
14.53305244	16.37320583	
14.6741868	16.35193038	
13.2508922	16.57836398	
12.91314705	17.81849322	
12.66207967	17.00940504	
13.49600572	16.93724836	
13.30141809	17.08072917	
13.52171845	17.34194047	
14.04686639	16.75377283	
14.67168004	16.54961643	
12.71396817	16.26239921	
13.60173712	17.18173043	
13.07781912	16.99820658	
14.16020044	18.43011122	
14.57589276	21.31501211	
16.45923015	26.80534092	
16.41388863	22.61215146	
15.74183436	21.23569355	
14.44579141	19.98686264	
15.77492686	21.3103729	
13.36624516	17.53683782	
13.56224607	16.50704817	
13.49584729	17.17124567	
13.09757035	18.21032764	
11.49202465	19.37653889	
11.2661541	19.83033282	
29.13760329	12.54784234	
14.8559834	15.84091382	
12.11373279	18.2504421	
10.54007839	16.61996602	
13.39214486	15.84751587	
12.23618982	15.99735066	
13.59265129	16.15576939	
14.39882728	16.44226748	
12.66929995	16.24053974	
12.17208205	15.92816918	
12.39528383	16.07373183	
12.60319704	16.77637066	
13.95011524	16.45097101	
10.86812061	16.38327945	
12.82976442	16.22460439	
12.08172902	16.58353969	
12.86106358	16.19175478	
12.09127409	16.28113761	
13.07017535	16.06361674	
12.57650438	16.50893749	
13.28790434	16.18400218	
14.66365694	16.52820434	
12.74280318	17.10688654	
13.20761175	17.12521715	
13.40151966	17.85697739	
12.98534691	17.35082924	
14.73392151	16.4946359	
15.55017356	16.07172695	
12.54812486	16.40578292	
12.09406747	16.45101058	
13.08299234	17.41304621	
14.33590665	17.97051862	
14.01977476	17.59989934	
13.5991198	17.8201199	
14.65257152	17.4127118	
13.27158933	18.41579656	
12.10761916	17.6527459	
11.25638244	17.394045	
12.7116846	16.91110872	
12.86838879	16.78165501	
14.41165783	16.67215622	
14.99057396	16.77054977	
16.79799258	17.36607483	
15.77576162	16.03139289	
12.89521319	16.05047224	
13.72125947	15.78434205	
13.68027333	16.62553319	
15.36278114	16.49183194	
13.98946074	16.07458956	
13.87246744	16.64212026	
12.8632085	16.25408464	
13.71668847	16.86049021	
12.88051569	17.36284871	
12.30287365	17.06673476	
12.42678388	16.79408015	
13.80245731	16.75031303	
13.37152226	17.27433716	
14.10480574	17.93486123	
12.80626254	17.85030444	
12.94956602	18.18140171	
12.05384547	19.38294161	
15.6458682	20.14451778	
13.17166519	19.02112449	
14.8808932	18.88475623	
18.23846221	25.26988505	
15.86913118	22.50291328	
13.96266657	17.10421909	
13.17983659	16.46884059	
13.95343382	17.36194704	
13.03241633	18.64059816	
10.18438351	19.96661292	
12.12314569	16.03407817	
14.10591414	15.79058419	
12.78824271	16.73969067	
12.29009667	16.26957616	
14.97409987	16.13230958	
13.62679456	15.99235568	
13.64236742	16.43039153	
13.64654135	16.79353844	
12.06387899	16.44662769	
12.37578834	15.87812973	
13.57100751	16.38361481	
12.76226569	16.32565839	
13.66895341	16.20450584	
12.10895827	15.15102555	
14.51201499	15.97764094	
13.03630953	16.07646395	
10.55870582	15.99455285	
11.88528988	16.06064285	
12.80432162	16.84272691	
11.31763569	16.34935138	
12.51279825	16.47601306	
12.44423501	16.96869165	
13.27221732	17.30254658	
13.40912201	16.83878319	
11.07686569	19.52329436	
11.7469253	16.89514688	
13.17851091	16.33613383	
12.91427697	15.60230685	
11.76018009	16.31466585	
12.80112706	16.2420432	
14.28804603	16.5835182	
14.32624428	16.90904677	
12.90202472	16.73140138	
14.55244102	16.73419037	
12.39177799	16.68054736	
14.7352488	17.86096363	
12.47674628	18.55943692	
14.86409623	19.6043116	
13.70204006	18.16125728	
13.05933026	16.83800816	
13.02315129	17.06581579	
13.13079911	15.96564501	
13.442411	18.57081565	
13.55829159	16.78740744	
14.06026037	16.2734266	
11.78037824	16.44866708	
13.98128133	17.63428289	
14.94996041	16.89097079	
15.26334799	17.4904748	
13.85216449	17.11753192	
13.43940008	16.46388354	
13.95063894	16.86595472	
12.84312125	17.65960529	
13.37892172	16.51870159	
12.50675465	17.12686512	
13.82651787	16.90866238	
11.80061646	16.65167634	
13.24101902	18.03020755	
11.72891249	19.51200055	
13.36232537	20.37560744	
13.07998995	18.50449217	
12.93970848	18.88243251	
12.85152691	19.12284496	
12.9870648	18.19910855	
14.5496203	19.62393291	
17.0390093	28.8147787	
15.11304086	19.16898542	
13.56623106	16.92453166	
12.0645074	17.98444868	
7.669017367	15.03717517	
13.84806113	15.99578921	
11.76639143	16.36351015	
13.98643711	15.84104862	
12.99664216	15.36746317	
13.31855792	16.15795901	
14.24948569	16.14634585	
14.38126696	15.76664974	
13.66247544	16.36787826	
12.72320904	16.22185514	
12.81430896	16.10978776	
12.79458989	15.93197408	
13.57298588	16.44350444	
12.14775904	15.90050416	
13.3576692	16.36417019	
13.02110632	15.73738457	
13.94532476	15.98817424	
11.04655287	16.08030759	
12.53013822	15.89842492	
12.23965818	16.36806918	
12.91828758	17.1673079	
13.09033356	16.15121461	
12.47449675	17.3042	
10.74698125	17.15802361	
13.29014532	18.3743672	
12.66222246	16.23105181	
14.31424785	17.81061977	
12.7571291	16.43066239	
11.89601826	15.68532403	
12.59227014	15.55804861	
12.66229244	16.2024301	
13.02002103	16.47213401	
12.90359608	16.06320974	
13.46587964	16.25873263	
13.39670322	16.53949718	
13.58545078	16.60978308	
12.80658147	16.87146467	
13.41646868	16.77812098	
13.29836898	17.20606304	
13.50620996	17.67941661	
14.1965937	17.43882452	
12.08512266	17.26958841	
14.13741421	16.66708073	
15.04957824	16.72665799	
10.70040943	18.28775033	
13.76967244	17.37187718	
13.63897821	17.23721583	
12.62040485	16.84382435	
13.24284519	22.92192863	
12.81380171	19.82196927	
13.36888568	20.31526083	
13.09839005	20.46465037	
13.63074329	18.21420277	
15.10224794	23.60536838	
14.72696404	20.24461875	
13.81825129	16.58435299	
13.68159078	17.72944618	
13.46134192	17.29053053	
12.53288154	16.42346267	
13.17658211	18.21684286	
10.84439212	18.80682238	
11.66290015	21.39762266	
11.54290877	20.28647725	
12.54095306	19.72801115	
13.33258737	19.78827786	
13.14429517	17.72939259	
12.90926327	18.29809515	
14.8912472	22.77537003	
16.02313717	26.11587678	
12.69194628	18.79939248	
12.39042958	19.93278163	
13.40324669	15.98563939	
12.40666095	16.24403426	
11.95167353	15.80879481	
13.02502482	15.81233601	
13.0616704	15.96799414	
14.2541353	15.87571584	
13.57588928	16.19945502	
13.96720436	16.70499903	
13.72087758	16.18842331	
12.69614443	16.70448255	
12.36730862	16.04701926	
12.11064892	16.12725122	
12.4275771	16.02439766	
12.58254023	16.4664544	
12.78281077	16.16712504	
14.10250966	15.72153474	
13.35231352	16.01905526	
10.97906028	16.35213924	
12.25127163	16.32658783	
12.59889741	16.66787019	
12.59371179	15.67342373	
13.55838802	17.45814461	
13.38550535	17.75689169	
12.84813882	18.02050079	
11.43227558	18.32466744	
12.97974617	16.50371067	
13.47878005	16.36201544	
13.00010937	16.06281062	
12.65658388	16.50835475	
13.98587804	16.20824822	
12.74870405	16.04810501	
13.58933824	16.1397394	
11.96103357	15.96236205	
14.63444934	16.10372492	
13.21706522	16.25024743	
12.32399683	16.61352158	
14.17338414	16.26643667	
12.89759355	15.59543102	
13.84751287	16.28054522	
13.5119326	16.45448462	
12.77905624	16.21499746	
12.46234892	16.87731578	
14.33014176	16.38269524	
14.47270138	17.54264009	
12.28499798	18.33635548	
14.88013124	17.20070029	
12.63750667	16.4208804	
13.44815559	18.02738968	
14.52074302	24.87544131	
14.07335072	20.97730591	
11.98741555	22.513536	
11.3508287	23.15514015	
13.29272487	21.03929326	
12.22835108	33.95820826	
14.08661027	26.28973542	
13.75938335	17.66981138	
14.57723007	17.58272427	
13.8074219	18.72251042	
12.67930461	16.93264292	
12.75177445	17.64344377	
10.77510803	19.2307496	
10.14133575	19.03655891	
11.46612627	19.56132383	
12.27251714	19.51017069	
13.35438234	18.49418024	
13.53544944	18.45479269	
14.25496813	18.79969518	
13.80710051	20.65680117	
16.08648891	26.58583116	
15.38973368	23.90461893	
19.40804217	16.02820669	
11.8710438	14.84619492	
12.77840679	15.51485394	
12.74422311	16.28520739	
11.93377325	15.94774048	
12.68719162	16.043005	
12.40450011	16.19973287	
12.85506708	16.13710798	
13.46252822	16.02043303	
14.19093598	15.95516735	
13.42018279	16.27498415	
13.8660276	16.81686545	
12.86309279	16.09831376	
12.61953813	16.38427053	
14.01591598	16.51989351	
11.65747215	16.42270239	
13.41497118	16.05504567	
13.33661786	15.66108844	
12.86873131	16.06252302	
13.81851471	16.25677373	
11.7460073	16.34911406	
11.59360421	16.3192288	
12.88149275	15.88729708	
11.70421216	18.06391287	
13.22404673	18.33182658	
14.14319457	17.04426463	
12.55517562	16.76084658	
12.78304679	16.82723947	
13.17976407	16.62198329	
13.06558766	16.1568755	
13.10696148	16.74102155	
12.68752016	16.7501914	
13.55347881	15.98314071	
13.83894318	16.17725634	
11.792254	16.08516612	
13.91654996	15.85506926	
12.04155275	16.38979092	
12.17845595	16.51254667	
13.4060185	16.64418	
12.43740991	15.69766747	
13.0106013	16.42063436	
12.18351702	15.97500566	
14.33091254	15.93712918	
13.36429579	15.69018402	
12.63275309	16.15040313	
14.41531611	16.43527279	
15.81897792	18.40925279	
14.72305125	17.02719665	
13.64302231	16.15313207	
12.96791497	16.95566594	
14.13599416	18.50506757	
14.05946842	17.32520721	
14.07466931	20.6817515	
14.78385172	22.56211546	
14.53124543	22.98512083	
12.584557	30.902542	
12.11265366	22.68567031	
12.5017621	17.21378159	
14.23344982	16.83554213	
13.29870579	17.45726851	
14.01365958	16.61952518	
13.04474397	16.5308434	
11.5159509	18.7758416	
11.80354847	19.55646872	
11.56377464	19.49074394	
12.04714584	18.60025178	
14.15877012	17.97602103	
14.23490981	19.54571123	
13.04189641	17.25330073	
12.85295675	19.44555424	
13.82742827	23.75730075	
9.068578857	16.49407339	
12.76811434	16.20625094	
11.90580856	15.52597668	
13.17493548	15.58505883	
13.20528469	16.56346261	
11.76618603	16.01843347	
12.66598626	16.10434473	
12.99827261	15.88339951	
12.60462258	15.45765422	
14.40651739	16.14412423	
12.65863059	16.42523419	
13.17271804	15.95199834	
13.30834516	16.20055623	
13.91787648	16.49513464	
13.09290186	16.35102556	
11.87538315	16.71937536	
11.31956583	16.05611454	
13.76629339	16.60528995	
12.41270371	16.10081965	
13.95723296	16.55755247	
13.57227775	16.21107735	
10.38838737	17.14711966	
11.10276601	17.08496921	
12.81592688	17.24555984	
11.49332821	16.89161221	
12.19118007	17.68626383	
11.56924439	17.0965853	
13.30287839	16.630503	
12.526543	16.56923463	
12.01074585	17.01579189	
13.04646361	16.52979985	
13.08900935	16.52727682	
12.94237415	16.0950709	
12.71912596	16.42653705	
12.10704304	16.97776122	
12.09950706	16.27033565	
12.67990891	16.55125004	
13.05109695	16.1734143	
13.87246589	16.52784467	
14.52064296	17.03451094	
13.36339498	15.85684203	
14.39154859	16.51567718	
12.45598186	16.76494135	
13.04764596	16.24307859	
14.13275424	15.73521833	
13.24554162	16.41291578	
14.21364111	15.74435934	
11.69624297	17.36548451	
13.47068842	16.38368906	
13.89899223	16.44958661	
12.80440729	15.83496507	
13.35512255	16.9489799	
14.92717985	16.24655895	
13.63071653	17.09603468	
15.10849913	17.81801359	
15.28214841	18.66330907	
14.60833884	22.36082538	
13.3392576	21.77262912	
12.69373017	16.83043306	
13.2862142	16.45180103	
12.52874601	17.25093859	
12.91144483	17.28341859	
12.4366597	16.61962056	
12.03415941	18.18016962	
13.19632462	19.02523245	
11.50398094	18.99284545	
12.57029222	18.31316267	
12.83213981	18.96126341	
14.08445491	20.84547181	
13.57169433	17.50851127	
13.5835812	18.89006272	
14.78076535	22.81506284	
12.44439795	15.84921631	
11.84417463	16.15640286	
13.16432429	16.1774233	
12.10469786	15.48426295	
12.64539628	15.81900841	
13.31270498	16.67871232	
13.00835876	16.18332432	
13.12477044	16.23405546	
13.60544865	15.96289179	
13.74191241	15.73881279	
13.5232781	15.86366021	
12.77442933	16.14997553	
13.55854315	16.15806123	
13.56835049	16.10329329	
14.95927441	16.32118057	
13.21620028	16.38009725	
13.48240863	15.80986525	
13.0382765	16.34966635	
12.21201786	16.45800734	
11.74655708	15.83392616	
13.26232571	16.40263187	
12.13886399	16.21566186	
11.10214281	17.31614889	
12.54136726	17.78373824	
12.66644998	16.70583472	
13.65953411	16.51212821	
12.79794504	16.96769519	
12.60102493	16.9527409	
13.08307226	16.85118136	
12.40600469	16.9205797	
14.5932605	16.42279899	
14.12105963	16.62845656	
13.92106655	16.62066307	
13.15628356	15.80273435	
13.60787037	16.2188931	
11.62219046	16.62633235	
12.95111134	16.68969202	
12.50436901	17.34421672	
12.76170855	16.06140729	
13.69121891	16.51101235	
12.7363864	16.69802059	
11.95557245	16.13652057	
14.08558732	16.34207333	
12.28985955	15.85197026	
13.06095376	16.426977	
13.02791085	15.85216514	
13.50612188	16.39203959	
13.8760011	15.98748332	
11.9468365	16.48201896	
13.22877708	16.41079889	
13.80465333	16.20693566	
13.1218626	16.42513098	
15.07660226	16.96981859	
14.71936741	16.73848356	
12.23372001	16.77414675	
14.22595517	16.58554263	
12.5414068	16.80605114	
13.7368266	17.15501657	
13.05963148	17.82619421	
13.56630356	16.81713417	
14.27419545	16.59237551	
12.45093407	17.54193183	
11.73539613	17.48181309	
12.1542905	16.95347195	
11.3890549	17.8211579	
12.53566049	17.34048094	
11.91678643	18.80640285	
12.79544451	19.67479036	
12.61561405	18.00859269	
12.25725727	21.21078435	
12.58770785	18.08182192	
12.56161248	15.78304669	
13.36683139	16.10260419	
12.52230954	16.21386522	
13.00986107	15.84773606	
13.4940521	16.02821354	
11.53270789	15.82134924	
12.55558008	15.95081564	
13.48644775	16.30831904	
13.67184805	16.01375418	
12.24301482	15.99428826	
13.5592641	16.09689027	
11.88112963	16.03997952	
11.78488461	16.18453937	
13.2445338	16.15026154	
13.77822488	16.49128077	
13.84843253	15.98718979	
12.36692919	16.24551788	
13.94702427	16.84948188	
13.68678099	15.97353179	
13.48628379	16.24253917	
12.7739125	16.26303782	
12.41162662	15.96301589	
12.66403491	16.36071865	
11.63573029	16.93110285	
11.6226626	16.75088399	
12.51701957	16.71980452	
12.07495928	16.11710473	
13.36811708	16.61603131	
12.85101384	16.83401292	
13.27202032	16.8127395	
13.14434459	16.5355286	
13.53813594	16.46573428	
13.93978112	16.58286944	
14.16177022	16.37643572	
12.83256231	16.67053695	
13.73737363	16.40537036	
12.21720517	16.3092438	
13.13419369	16.28434014	
13.12989862	16.15094626	
12.82331714	16.26831719	
13.86044157	16.00743874	
13.88502524	16.73979657	
12.93014205	16.77261001	
12.18115908	16.04699149	
14.01077988	16.49780932	
13.90013809	16.00667081	
12.50091395	15.67330102	
13.97523538	16.77903057	
13.66417937	16.33221926	
14.69563842	16.42001365	
13.9918845	16.6761791	
14.39819143	15.9394974	
11.69527243	15.96457875	
14.44488749	16.21482169	
12.85625668	16.59239399	
12.08115323	15.90962287	
12.88182933	16.36447826	
13.61941283	15.96320648	
12.59111496	16.34785732	
13.01487777	16.66599331	
11.89779303	16.79023526	
15.61788239	16.64514114	
12.26093647	17.34026023	
12.0673867	18.22460673	
12.84645787	16.74183848	
11.6143142	16.55148353	
11.97124971	17.31290038	
13.05272959	19.17869292	
10.82458182	20.14750822	
13.09363251	17.88925842	
10.42886603	20.42035558	
14.41638405	16.67078312	
13.09788076	16.39587897	
12.74324239	16.58715524	
13.35606534	15.50631123	
14.01634967	15.83637813	
11.98284119	16.15577129	
12.80771385	16.43808526	
12.65150508	16.17690573	
13.82185756	16.00823214	
12.09253787	15.67264398	
13.05968294	15.81925688	
11.94688351	15.81098841	
13.63230973	16.33957522	
13.35154727	16.33917701	
14.3497712	16.09461584	
14.15820507	16.93767965	
12.22664581	16.24483508	
13.83102415	16.4399148	
14.11440876	16.32562555	
14.12172033	16.17599489	
14.12239365	16.06707586	
11.8315053	15.94582106	
12.80085488	16.60382375	
12.07809438	17.08719371	
10.81037041	16.75017144	
12.94174552	16.16195823	
12.78743651	15.78292813	
12.56075802	16.29966387	
12.77615589	16.25688503	
14.01199186	17.0530638	
12.24296074	16.13473201	
13.4173822	16.18533029	
12.72986545	16.6759301	
13.02279167	16.18798161	
13.46145503	15.97908488	
11.24492649	16.52619903	
12.50905256	16.12908871	
12.54338501	16.07445379	
12.81538176	15.99157876	
12.39133524	16.08908533	
13.46343716	16.18504437	
13.50793749	16.39224797	
12.43482005	16.58507992	
11.80397753	15.79410206	
12.90026164	15.97213977	
13.22428308	15.82775482	
12.44515522	16.26326478	
13.04239592	16.09296201	
13.5350935	16.13496182	
13.1819543	15.91708563	
13.11754477	17.14962218	
13.11778344	16.08682881	
12.96531337	16.41457243	
13.64370354	16.18851719	
13.9233026	16.4320657	
13.06773144	16.11013087	
12.26560701	16.14944753	
12.71779553	16.72322333	
14.60001555	16.1736243	
13.52134518	15.87065825	
12.06188257	16.39105625	
14.29588588	16.66716847	
13.2790207	17.18318834	
13.94488789	17.39948359	
13.6093764	16.96866287	
12.01560934	15.98923455	
12.37358075	18.22013957	
13.97396434	20.4503979	
8.390548131	21.26992854	
12.38599592	18.93806734	
11.81330816	16.54650194	
12.31020202	15.85116672	
12.32445829	15.94826519	
12.18624085	16.25101299	
10.93686024	16.60129556	
13.89490513	16.24877849	
12.65699421	16.44774206	
12.99374656	16.00287073	
13.6404384	15.92821844	
13.18049328	15.91462009	
12.4149561	15.95409839	
12.39924836	16.20369552	
11.91168006	16.60265008	
13.59728197	16.65277562	
12.34396381	16.39353791	
11.63385585	17.1278405	
12.61212494	16.0552503	
14.17178957	16.56991562	
12.77250562	16.34227586	
11.04061849	16.00169789	
14.3116359	16.44801204	
11.84404305	17.13903556	
11.62666978	17.02973539	
11.28234424	16.79189436	
13.07165556	16.04463971	
12.0705396	16.10601115	
13.58252745	16.68666514	
13.07678163	16.5572879	
11.83059289	16.4994015	
13.35598759	16.43033361	
13.09989967	16.744494	
12.57447551	16.24087481	
12.5754886	15.66653704	
11.86392789	16.04461324	
13.4557868	16.21230836	
12.23768937	16.08905654	
12.91538975	16.25417422	
12.70304592	16.45149365	
13.26063599	16.68395799	
13.24267242	16.49360226	
12.90391972	16.14537675	
11.87368621	16.08436692	
13.2993172	15.63091832	
12.56527524	16.03502109	
11.59759157	16.17427437	
13.78367227	17.07652605	
13.9515879	16.00032851	
13.92009706	16.24300238	
12.11487239	16.78988574	
13.49317297	15.93322436	
13.64928713	15.86351067	
13.15360147	16.20670166	
13.17048879	15.85338154	
12.27698968	15.93771343	
13.32031019	16.40416505	
12.77766546	16.80122571	
13.9195773	17.00909688	
13.43000007	15.67879891	
13.73720045	16.38492894	
14.91338685	20.23041436	
12.94520641	19.94432042	
12.72480134	16.354826	
12.67029164	17.25685262	
12.36784331	15.74785017	
13.31397774	20.99256563	
13.34399999	20.12827299	
10.10279061	19.3740701	
12.20368942	16.43461655	
13.65056338	15.51585525	
11.02880256	16.23862285	
13.39734098	16.30464356	
10.61253245	15.91406794	
12.21457332	15.74041143	
12.70918531	16.64958516	
15.16998046	16.38512126	
13.27409318	16.29746183	
12.29446503	16.84477455	
12.28710467	16.39759055	
13.78538739	16.98814655	
12.2999142	16.61521517	
12.1948949	16.52823664	
11.92698208	16.29136084	
13.52103015	17.00167521	
12.03994625	16.77318159	
11.06201465	16.40316498	
12.52225988	16.35747261	
11.53228486	16.62168423	
13.09713829	17.12096973	
13.03128344	16.35104873	
12.8507498	16.59531651	
13.10124755	15.84883672	
13.08673661	16.44422836	
13.83230665	15.87756695	
12.32685817	16.07063276	
12.67960803	15.91948051	
14.30982124	16.25276859	
12.27346004	15.77663134	
12.20657785	16.65205548	
11.42711779	15.65179514	
13.20626105	16.56996087	
13.44851681	16.47174975	
11.9097519	16.45529129	
10.78455152	15.97531976	
13.758437	16.25268349	
12.9255119	15.63632844	
11.78217839	16.24633388	
14.02486017	16.09617019	
13.20628421	16.40969783	
13.18782123	16.29985016	
14.11527328	16.73098853	
13.76498441	16.02276074	
14.19340989	16.08444719	
13.45680902	16.30208301	
12.21681637	15.85622238	
12.614673	16.19617989	
13.73406259	16.4215819	
13.6713496	16.12466841	
14.02236613	16.75740673	
13.96874432	15.8636477	
11.54611385	16.18967189	
14.19086796	23.64753151	
10.93240901	22.21316942	
13.71610526	16.49176322	
12.16842204	16.61399495	
12.47072542	16.16087343	
14.42490786	20.07027551	
13.1945449	18.72448397	
15.448819	16.78681169	
11.73321379	16.56730188	
11.63363523	17.41958023	
14.0664573	19.66540961	
12.21219483	16.96475122	
11.47139905	15.6560623	
13.98701347	16.87091519	
11.31167458	16.39446727	
12.63155506	16.54583914	
13.83489402	16.88611371	
13.26502818	16.76907232	
13.58490302	16.90987616	
12.51355944	16.65891295	
12.73135835	16.27119876	
12.25431631	16.11587009	
13.54336764	16.88030579	
12.15967379	17.05945726	
11.57637292	16.10101254	
12.89480797	15.96901662	
13.41251137	16.40508811	
14.2818886	16.44632152	
12.48700211	16.61758773	
12.18539247	16.49701207	
10.90749547	15.53190906	
12.79649163	15.80513284	
13.72742717	15.7234268	
12.35881103	16.46242295	
13.04475965	16.75749497	
13.61097064	16.67837958	
13.47462374	16.99490368	
14.55769905	17.32257839	
12.63018273	16.42976578	
13.454189	15.57663515	
12.74853997	16.68527249	
12.55222197	16.80010675	
12.69898026	16.25367114	
12.74000265	16.02103592	
14.02559615	16.40793521	
13.88627409	16.47944165	
14.49424455	16.47934678	
12.63474265	16.97767215	
15.46444849	19.32902791	
12.30024117	18.82438969	
12.93485203	15.67075295	
12.01917309	16.15238656	
11.61002318	16.02757388	
13.49754829	17.42927676	
10.91911266	16.1612689	
13.96905307	17.92642218	
12.76892709	18.02593709	
12.87990647	19.158885	
11.9954853	17.49856356	
12.38142292	16.96177884	
11.53111787	16.68107339	
13.88648283	17.70198828	
12.02443322	18.25900499	
12.1910913	16.1748853	
13.14373294	16.46155551	
13.53260332	15.67907629	
14.65126174	16.71317193	
13.38622589	16.29964049	
14.65068684	16.27606191	
13.31187557	16.23193748	
11.64741148	17.01088267	
15.13576247	16.75478021	
13.76913743	16.48998026	
13.93608318	17.41541614	
12.71921654	16.88753593	
13.91426347	16.85954921	
13.01211648	17.31397294	
14.62118214	19.70294045	
12.93519156	17.00574255	
12.98250287	15.58489349	
13.43935155	15.95775988	
13.10181688	17.15464801	
14.42789348	16.19239041	
13.81922362	16.90408345	
12.7443619	16.31867918	
14.31981991	17.24249976	
13.03668607	16.6986418	
13.05906172	15.99764494	
12.11932871	16.57783974	
12.8057414	20.95353172	
12.88572925	17.24477712	
12.00467848	18.04991208	
13.48035386	18.52042744	
11.24377326	16.21831076	
13.65378598	16.44966269	
13.13384015	15.49719598	
13.22042581	16.62323347	
13.35882848	16.45346196	
13.11137746	16.12784828	
13.64772891	16.58938585	
11.46124538	16.75522422	
14.94990933	15.89940582	
13.42575659	17.37749614	
13.40030035	16.98718821	
12.84398055	17.18186178	
14.04106408	17.33385207	
14.27298656	23.7598106	
14.44309308	23.44695926	
12.11245638	17.32466589	
13.67955088	16.36759358	
14.40342274	16.34388945	
14.96267577	16.84019619	
13.51465016	16.71404409	
13.44368602	17.45136407	
13.53660005	16.17946504	
12.73588427	16.77298576	
13.20213288	16.80956656	
14.71248984	16.20110213	
14.4740004	15.65059777	
13.99778222	16.58125951	
13.23749995	16.2711263	
13.3266415	15.55741679	
15.17789361	19.28809725	
12.53201307	17.76388807	
14.30456121	20.34732164	
14.60090003	21.73280644	
14.31423856	16.94834075	
12.99838268	16.72480054	
13.03440072	16.48573303	
13.36973068	17.30415419	
13.44187109	16.8956627	
13.48426806	16.80374861	
14.27174928	16.64205071	
11.02863839	16.76194524	
12.39681148	18.3159882	
12.86762191	16.31523421	
13.24876453	16.74503963	
13.52754127	17.02214558	
11.3129629	16.44226397	
12.28058604	17.4015048	
