Raman shift DATA (1/cm)	CCD Counts DATA	Raman shift FIT (1/cm)	CCD Counts FIT
1205.559991	838	1205.559991	nan	
1206.753014	840	1206.753014	nan	
1207.94584	840	1207.94584	nan	
1209.138469	838	1209.138469	nan	
1210.330901	840	1210.330901	nan	
1211.523137	839	1211.523137	nan	
1212.715175	839	1212.715175	nan	
1213.907018	839	1213.907018	nan	
1215.098663	838	1215.098663	nan	
1216.290112	840	1216.290112	nan	
1217.481364	839	1217.481364	nan	
1218.67242	839	1218.67242	nan	
1219.863279	839	1219.863279	nan	
1221.053942	839	1221.053942	nan	
1222.244408	841	1222.244408	nan	
1223.434678	839	1223.434678	nan	
1224.624752	840	1224.624752	nan	
1225.814629	839	1225.814629	nan	
1227.00431	839	1227.00431	nan	
1228.193794	840	1228.193794	nan	
1229.383083	839	1229.383083	nan	
1230.572175	838	1230.572175	nan	
1231.761071	839	1231.761071	nan	
1232.949771	839	1232.949771	nan	
1234.138275	839	1234.138275	nan	
1235.326583	836	1235.326583	nan	
1236.514695	837	1236.514695	nan	
1237.702611	838	1237.702611	nan	
1238.890331	838	1238.890331	nan	
1240.077855	839	1240.077855	nan	
1241.265183	839	1241.265183	nan	
1242.452316	839	1242.452316	nan	
1243.639253	839	1243.639253	nan	
1244.825994	838	1244.825994	nan	
1246.012539	839	1246.012539	nan	
1247.198888	839	1247.198888	nan	
1248.385042	839	1248.385042	nan	
1249.571	839	1249.571	nan	
1250.756763	840	1250.756763	838.6832719	
1251.94233	839	1251.94233	838.6846052	
1253.127702	838	1253.127702	838.6859848	
1254.312878	839	1254.312878	838.6874128	
1255.497859	840	1255.497859	838.6888915	
1256.682644	838	1256.682644	838.6904233	
1257.867234	839	1257.867234	838.6920109	
1259.051629	840	1259.051629	838.6936569	
1260.235829	840	1260.235829	838.6953642	
1261.419833	841	1261.419833	838.697136	
1262.603642	837	1262.603642	838.6989755	
1263.787256	840	1263.787256	838.7008861	
1264.970674	840	1264.970674	838.7028717	
1266.153898	837	1266.153898	838.7049362	
1267.336926	840	1267.336926	838.7070837	
1268.51976	839	1268.51976	838.7093189	
1269.702398	838	1269.702398	838.7116466	
1270.884842	839	1270.884842	838.7140718	
1272.06709	839	1272.06709	838.7166001	
1273.249144	839	1273.249144	838.7192376	
1274.431003	841	1274.431003	838.7219904	
1275.612667	837	1275.612667	838.7248655	
1276.794136	839	1276.794136	838.7278701	
1277.975411	839	1277.975411	838.7310122	
1279.156491	840	1279.156491	838.7343003	
1280.337376	839	1280.337376	838.7377435	
1281.518066	838	1281.518066	838.7413518	
1282.698562	838	1282.698562	838.7451358	
1283.878863	840	1283.878863	838.7491071	
1285.05897	839	1285.05897	838.7532784	
1286.238882	840	1286.238882	838.7576632	
1287.4186	840	1287.4186	838.7622763	
1288.598124	838	1288.598124	838.7671338	
1289.777453	839	1289.777453	838.7722534	
1290.956587	839	1290.956587	838.7776541	
1292.135528	842	1292.135528	838.7833569	
1293.314274	840	1293.314274	838.7893848	
1294.492825	838	1294.492825	838.7957629	
1295.671183	840	1295.671183	838.8025188	
1296.849346	838	1296.849346	838.8096829	
1298.027316	839	1298.027316	838.8172888	
1299.205091	838	1299.205091	838.8253734	
1300.382672	839	1300.382672	838.8339778	
1301.560059	839	1301.560059	838.8431474	
1302.737252	838	1302.737252	838.8529328	
1303.914251	841	1303.914251	838.8633903	
1305.091056	841	1305.091056	838.8745828	
1306.267668	838	1306.267668	838.8865807	
1307.444085	838	1307.444085	838.8994632	
1308.620309	838	1308.620309	838.9133191	
1309.796339	839	1309.796339	838.9282489	
1310.972175	840	1310.972175	838.9443665	
1312.147817	839	1312.147817	838.961801	
1313.323266	838	1313.323266	838.9806997	
1314.498521	840	1314.498521	839.001231	
1315.673582	839	1315.673582	839.0235881	
1316.84845	840	1316.84845	839.0479938	
1318.023124	839	1318.023124	839.0747057	
1319.197605	837	1319.197605	839.1040233	
1320.371893	838	1320.371893	839.1362962	
1321.545987	841	1321.545987	839.1719345	
1322.719887	841	1322.719887	839.211422	
1323.893594	839	1323.893594	839.2553323	
1325.067108	840	1325.067108	839.3043499	
1326.240429	840	1326.240429	839.3592965	
1327.413556	841	1327.413556	839.4211658	
1328.58649	840	1328.58649	839.4911681	
1329.759231	839	1329.759231	839.5707893	
1330.931779	838	1330.931779	839.6618698	
1332.104133	839	1332.104133	839.7667108	
1333.276295	840	1333.276295	839.888219	
1334.448263	839	1334.448263	840.0301076	
1335.620039	840	1335.620039	840.1971798	
1336.791621	840	1336.791621	840.3957336	
1337.963011	840	1337.963011	840.6341539	
1339.134208	839	1339.134208	840.923794	
1340.305212	841	1340.305212	841.2803213	
1341.476023	841	1341.476023	841.7258246	
1342.646641	841	1342.646641	842.2922112	
1343.817066	843	1343.817066	843.0268694	
1344.987299	843	1344.987299	844.0024618	
1346.157339	839	1346.157339	845.334593	
1347.327186	843	1347.327186	847.2152296	
1348.496841	845	1348.496841	849.9792942	
1349.666303	851	1349.666303	854.2447155	
1350.835573	858	1350.835573	861.2202386	
1352.00465	872	1352.00465	873.3752158	
1353.173535	901	1353.173535	895.5120108	
1354.342227	934	1354.342227	932.4266808	
1355.510727	961	1355.510727	963.2979491	
1356.679034	942	1356.679034	942.174686	
1357.847149	904	1357.847149	902.8621826	
1359.015072	882	1359.015072	877.461218	
1360.182803	864	1360.182803	863.5002638	
1361.350341	857	1361.350341	855.5973508	
1362.517687	849	1362.517687	850.8345258	
1363.684841	845	1363.684841	847.7867013	
1364.851803	843	1364.851803	845.734474	
1366.018573	842	1366.018573	844.2931955	
1367.18515	840	1367.18515	843.2451217	
1368.351536	840	1368.351536	842.4605384	
1369.51773	841	1369.51773	841.8586736	
1370.683731	841	1370.683731	841.3872726	
1371.849541	839	1371.849541	841.0113958	
1373.015159	839	1373.015159	840.7070019	
1374.180585	839	1374.180585	840.4571285	
1375.345819	840	1375.345819	840.2495416	
1376.510862	841	1376.510862	840.0752433	
1377.675712	840	1377.675712	839.9275	
1378.840371	840	1378.840371	839.8011937	
1380.004839	839	1380.004839	839.6923791	
1381.169115	840	1381.169115	839.5979765	
1382.333199	842	1382.333199	839.5155538	
1383.497091	840	1383.497091	839.44317	
1384.660792	837	1384.660792	839.3792613	
1385.824302	838	1385.824302	839.3225565	
1386.98762	838	1386.98762	839.2720135	
1388.150746	839	1388.150746	839.2267719	
1389.313682	841	1389.313682	839.1861163	
1390.476426	840	1390.476426	839.1494478	
1391.638978	839	1391.638978	839.1162619	
1392.801339	841	1392.801339	839.0861317	
1393.96351	839	1393.96351	839.0586934	
1395.125488	837	1395.125488	839.0336359	
1396.287276	837	1396.287276	839.0106916	
1397.448872	840	1397.448872	838.9896296	
1398.610278	842	1398.610278	838.9702496	
1399.771492	840	1399.771492	838.9523771	
1400.932515	839	1400.932515	838.9358599	
1402.093348	840	1402.093348	838.9205643	
1403.253989	838	1403.253989	838.9063728	
1404.414439	839	1404.414439	838.8931816	
1405.574699	839	1405.574699	838.880899	
1406.734767	838	1406.734767	838.8694434	
1407.894645	839	1407.894645	838.8587421	
1409.054332	839	1409.054332	838.8487303	
1410.213828	838	1410.213828	838.8393502	
1411.373134	839	1411.373134	838.8305495	
1412.532248	839	1412.532248	838.8222817	
1413.691173	842	1413.691173	838.8145044	
1414.849906	839	1414.849906	838.8071796	
1416.008449	839	1416.008449	838.800273	
1417.166801	839	1417.166801	838.7937532	
1418.324963	839	1418.324963	838.7875919	
1419.482934	839	1419.482934	838.7817633	
1420.640715	838	1420.640715	838.7762438	
1421.798306	838	1421.798306	838.7710119	
1422.955706	840	1422.955706	838.7660481	
1424.112915	839	1424.112915	838.7613342	
1425.269935	840	1425.269935	838.7568539	
1426.426764	839	1426.426764	838.7525918	
1427.583403	839	1427.583403	838.7485341	
1428.739852	840	1428.739852	838.7446679	
1429.89611	839	1429.89611	838.7409813	
1431.052179	839	1431.052179	838.7374633	
1432.208057	838	1432.208057	838.7341038	
1433.363745	839	1433.363745	838.7308935	
1434.519243	838	1434.519243	838.7278236	
1435.674551	840	1435.674551	838.724886	
1436.82967	841	1436.82967	838.7220733	
1437.984598	839	1437.984598	838.7193785	
1439.139336	840	1439.139336	838.716795	
1440.293885	840	1440.293885	838.7143168	
1441.448243	840	1441.448243	838.7119383	
1442.602412	839	1442.602412	838.7096541	
1443.756391	840	1443.756391	838.7074594	
1444.910181	838	1444.910181	838.7053496	
1446.063781	839	1446.063781	838.7033202	
1447.217191	840	1447.217191	838.7013673	
1448.370411	840	1448.370411	838.6994871	
1449.523442	838	1449.523442	838.697676	
1450.676283	840	1450.676283	nan	
1451.828935	839	1451.828935	nan	
1452.981397	836	1452.981397	nan	
1454.13367	841	1454.13367	nan	
1455.285754	839	1455.285754	nan	
1456.437648	840	1456.437648	nan	
1457.589353	839	1457.589353	nan	
1458.740868	839	1458.740868	nan	
1459.892194	839	1459.892194	nan	
1461.043331	840	1461.043331	nan	
1462.194279	839	1462.194279	nan	
1463.345037	838	1463.345037	nan	
1464.495607	841	1464.495607	nan	
1465.645987	838	1465.645987	838.670701	
1466.796178	838	1466.796178	838.6716133	
1467.946181	840	1467.946181	838.6725536	
1469.095994	837	1469.095994	838.6735229	
1470.245618	839	1470.245618	838.6745224	
1471.395053	838	1471.395053	838.6755535	
1472.5443	839	1472.5443	838.6766175	
1473.693357	838	1473.693357	838.6777158	
1474.842226	838	1474.842226	838.6788499	
1475.990906	839	1475.990906	838.6800213	
1477.139397	838	1477.139397	838.6812318	
1478.287699	840	1478.287699	838.6824829	
1479.435813	838	1479.435813	838.6837767	
1480.583738	840	1480.583738	838.685115	
1481.731475	839	1481.731475	838.6864999	
1482.879023	840	1482.879023	838.6879337	
1484.026382	838	1484.026382	838.6894185	
1485.173553	839	1485.173553	838.6909569	
1486.320535	840	1486.320535	838.6925515	
1487.467329	840	1487.467329	838.6942049	
1488.613934	839	1488.613934	838.6959203	
1489.760352	838	1489.760352	838.6977006	
1490.90658	838	1490.90658	838.6995492	
1492.052621	838	1492.052621	838.7014696	
1493.198473	839	1493.198473	838.7034657	
1494.344137	839	1494.344137	838.7055413	
1495.489612	840	1495.489612	838.7077007	
1496.6349	837	1496.6349	838.7099486	
1497.779999	839	1497.779999	838.7122899	
1498.924911	839	1498.924911	838.7147297	
1500.069634	840	1500.069634	838.7172736	
1501.214169	839	1501.214169	838.7199277	
1502.358516	839	1502.358516	838.7226983	
1503.502675	840	1503.502675	838.7255924	
1504.646646	838	1504.646646	838.7286175	
1505.79043	838	1505.79043	838.7317814	
1506.934025	839	1506.934025	838.7350929	
1508.077433	839	1508.077433	838.7385612	
1509.220653	838	1509.220653	838.7421963	
1510.363685	838	1510.363685	838.7460091	
1511.506529	839	1511.506529	838.7500114	
1512.649186	841	1512.649186	838.7542158	
1513.791655	838	1513.791655	838.7586362	
1514.933936	838	1514.933936	838.7632875	
1516.07603	840	1516.07603	838.7681861	
1517.217936	840	1517.217936	838.7733498	
1518.359655	839	1518.359655	838.7787979	
1519.501186	838	1519.501186	838.7845518	
1520.642529	838	1520.642529	838.7906346	
1521.783686	837	1521.783686	838.7970717	
1522.924655	838	1522.924655	838.8038912	
1524.065436	839	1524.065436	838.8111239	
1525.20603	840	1525.20603	838.8188036	
1526.346437	839	1526.346437	838.8269679	
1527.486657	840	1527.486657	838.8356582	
1528.626689	838	1528.626689	838.8449205	
1529.766534	840	1529.766534	838.8548058	
1530.906193	839	1530.906193	838.8653711	
1532.045664	838	1532.045664	838.87668	
1533.184947	839	1533.184947	838.8888034	
1534.324044	839	1534.324044	838.9018212	
1535.462954	839	1535.462954	838.9158231	
1536.601677	840	1536.601677	838.9309102	
1537.740213	840	1537.740213	838.9471969	
1538.878562	839	1538.878562	838.9648132	
1540.016724	839	1540.016724	838.9839069	
1541.154699	840	1541.154699	839.0046466	
1542.292487	838	1542.292487	839.0272259	
1543.430089	838	1543.430089	839.0518671	
1544.567504	839	1544.567504	839.0788273	
1545.704732	839	1545.704732	839.1084041	
1546.841774	839	1546.841774	839.1409444	
1547.978628	841	1547.978628	839.1768538	
1549.115297	839	1549.115297	839.2166088	
1550.251778	840	1550.251778	839.2607727	
1551.388073	839	1551.388073	839.3100142	
1552.524182	839	1552.524182	839.3651321	
1553.660104	841	1553.660104	839.4270863	
1554.79584	841	1554.79584	839.497038	
1555.931389	838	1555.931389	839.5764011	
1557.066752	840	1557.066752	839.6669101	
1558.201929	840	1558.201929	839.7707095	
1559.336919	839	1559.336919	839.8904722	
1560.471723	842	1560.471723	840.0295594	
1561.606341	841	1561.606341	840.1922367	
1562.740772	840	1562.740772	840.383971	
1563.875017	840	1563.875017	840.6118396	
1565.009077	841	1565.009077	840.8851014	
1566.14295	842	1566.14295	841.2159978	
1567.276637	844	1567.276637	841.6208776	
1568.410138	845	1568.410138	842.1217739	
1569.543453	842	1569.543453	842.7485717	
1570.676582	842	1570.676582	843.5418617	
1571.809525	842	1571.809525	844.556296	
1572.942282	846	1572.942282	845.8633423	
1574.074854	849	1574.074854	847.5497348	
1575.207239	846	1575.207239	849.7015843	
1576.339439	851	1576.339439	852.3520855	
1577.471453	858	1577.471453	855.3611804	
1578.603281	860	1578.603281	858.2386022	
1579.734923	860	1579.734923	860.107539	
1580.86638	858	1580.86638	860.1572453	
1581.997651	859	1581.997651	858.364235	
1583.128737	856	1583.128737	855.5160747	
1584.259637	851	1584.259637	852.501037	
1585.390352	851	1585.390352	849.8295328	
1586.520881	847	1586.520881	847.6544185	
1587.651224	847	1587.651224	845.9476471	
1588.781382	846	1588.781382	844.6242489	
1589.911355	844	1589.911355	843.5971303	
1591.041142	841	1591.041142	842.7940932	
1592.170744	843	1592.170744	842.1597877	
1593.300161	843	1593.300161	841.6530608	
1594.429392	843	1594.429392	841.2436031	
1595.558439	841	1595.558439	840.9090689	
1596.6873	839	1596.6873	840.6328806	
1597.815976	839	1597.815976	840.4026297	
1598.944466	840	1598.944466	840.2089337	
1600.072772	841	1600.072772	840.0446235	
1601.200892	839	1601.200892	839.9041634	
1602.328828	840	1602.328828	839.7832355	
1603.456579	839	1603.456579	839.6784385	
1604.584144	836	1604.584144	839.5870683	
1605.711525	839	1605.711525	839.5069563	
1606.838721	839	1606.838721	839.4363488	
1607.965731	839	1607.965731	839.3738164	
1609.092557	839	1609.092557	839.3181859	
1610.219199	839	1610.219199	839.2684873	
1611.345655	838	1611.345655	839.2239137	
1612.471927	837	1612.471927	839.1837896	
1613.598014	838	1613.598014	839.1475464	
1614.723917	840	1614.723917	839.1147028	
1615.849634	841	1615.849634	839.0848492	
1616.975168	840	1616.975168	839.0576358	
1618.100516	839	1618.100516	839.0327619	
1619.22568	840	1619.22568	839.0099683	
1620.35066	840	1620.35066	838.9890304	
1621.475455	839	1621.475455	838.9697531	
1622.600066	840	1622.600066	838.9519661	
1623.724492	838	1623.724492	838.9355204	
1624.848734	840	1624.848734	838.9202848	
1625.972792	838	1625.972792	838.906144	
1627.096665	839	1627.096665	838.8929959	
1628.220354	841	1628.220354	838.8807499	
1629.343859	839	1629.343859	838.8693258	
1630.46718	838	1630.46718	838.8586517	
1631.590316	839	1631.590316	838.8486636	
1632.713269	842	1632.713269	838.8393041	
1633.836037	843	1633.836037	838.8305217	
1634.958621	837	1634.958621	838.82227	
1636.081021	838	1636.081021	838.8145072	
1637.203238	838	1637.203238	838.8071955	
1638.32527	839	1638.32527	838.8003007	
1639.447118	838	1639.447118	838.7937917	
1640.568783	838	1640.568783	838.7876403	
1641.690263	838	1641.690263	838.7818208	
1642.81156	837	1642.81156	838.7763099	
1643.932673	838	1643.932673	838.7710861	
1645.053602	838	1645.053602	838.7661299	
1646.174347	838	1646.174347	838.7614232	
1647.294909	838	1647.294909	838.7569497	
1648.415287	838	1648.415287	838.7526942	
1649.535482	838	1649.535482	838.7486428	
1650.655493	838	1650.655493	838.7447827	
1651.77532	838	1651.77532	838.741102	
1652.894964	840	1652.894964	838.7375897	
1654.014424	840	1654.014424	838.7342359	
1655.133701	838	1655.133701	838.7310309	
1656.252794	839	1656.252794	838.7279663	
1657.371704	838	1657.371704	838.725034	
1658.490431	839	1658.490431	838.7222263	
1659.608974	839	1659.608974	838.7195365	
1660.727334	839	1660.727334	838.7169579	
1661.845511	840	1661.845511	838.7144845	
1662.963504	841	1662.963504	838.7121107	
1664.081314	837	1664.081314	838.7098312	
1665.198942	839	1665.198942	838.707641	
1666.316386	838	1666.316386	838.7055357	
1667.433646	839	1667.433646	838.7035108	
1668.550724	837	1668.550724	838.7015622	
1669.667619	838	1669.667619	838.6996863	
1670.784331	837	1670.784331	838.6978794	
1671.90086	838	1671.90086	838.6961383	
1673.017206	838	1673.017206	838.6944596	
1674.133368	837	1674.133368	838.6928406	
1675.249349	839	1675.249349	838.6912784	
1676.365146	838	1676.365146	838.6897703	
1677.48076	838	1677.48076	838.6883139	
1678.596192	838	1678.596192	838.6869069	
1679.711441	838	1679.711441	838.6855471	
1680.826507	839	1680.826507	838.6842323	
1681.941391	840	1681.941391	838.6829606	
1683.056092	840	1683.056092	838.6817301	
1684.17061	838	1684.17061	838.6805392	
1685.284946	838	1685.284946	838.679386	
1686.399099	840	1686.399099	838.678269	
1687.51307	838	1687.51307	838.6771868	
1688.626858	839	1688.626858	838.6761378	
1689.740464	837	1689.740464	838.6751208	
1690.853887	838	1690.853887	838.6741344	
1691.967129	839	1691.967129	838.6731775	
1693.080187	839	1693.080187	838.6722488	
1694.193064	839	1694.193064	838.6713474	
1695.305758	837	1695.305758	838.670472	
1696.41827	839	1696.41827	838.6696217	
1697.530599	840	1697.530599	838.6687957	
1698.642747	838	1698.642747	838.6679928	
1699.754712	840	1699.754712	838.6672124	
1700.866495	839	1700.866495	838.6664535	
1701.978096	838	1701.978096	838.6657155	
1703.089516	840	1703.089516	838.6649974	
1704.200753	839	1704.200753	838.6642987	
1705.311808	837	1705.311808	nan	
1706.422681	839	1706.422681	nan	
1707.533372	839	1707.533372	nan	
1708.643882	838	1708.643882	nan	
1709.754209	837	1709.754209	nan	
1710.864355	838	1710.864355	nan	
1711.974319	839	1711.974319	nan	
1713.084101	839	1713.084101	nan	
1714.193701	839	1714.193701	nan	
1715.30312	837	1715.30312	nan	
1716.412357	837	1716.412357	nan	
1717.521413	839	1717.521413	nan	
1718.630287	838	1718.630287	nan	
1719.738979	839	1719.738979	nan	
1720.84749	840	1720.84749	nan	
1721.955819	838	1721.955819	nan	
1723.063967	839	1723.063967	nan	
1724.171933	839	1724.171933	nan	
1725.279719	839	1725.279719	nan	
1726.387322	841	1726.387322	nan	
1727.494745	837	1727.494745	nan	
1728.601986	838	1728.601986	nan	
1729.709046	840	1729.709046	nan	
1730.815924	839	1730.815924	nan	
1731.922622	839	1731.922622	nan	
1733.029138	839	1733.029138	nan	
1734.135473	839	1734.135473	nan	
1735.241627	840	1735.241627	nan	
1736.3476	838	1736.3476	nan	
1737.453392	839	1737.453392	nan	
1738.559003	837	1738.559003	nan	
1739.664433	839	1739.664433	nan	
1740.769682	840	1740.769682	nan	
1741.87475	838	1741.87475	nan	
1742.979637	838	1742.979637	nan	
1744.084343	838	1744.084343	nan	
1745.188869	838	1745.188869	nan	
1746.293214	838	1746.293214	nan	
1747.397378	838	1747.397378	nan	
1748.501361	839	1748.501361	nan	
1749.605164	839	1749.605164	nan	
1750.708786	838	1750.708786	nan	
1751.812228	838	1751.812228	nan	
1752.915488	837	1752.915488	nan	
1754.018569	840	1754.018569	nan	
1755.121469	838	1755.121469	nan	
1756.224188	839	1756.224188	nan	
1757.326727	838	1757.326727	nan	
1758.429085	839	1758.429085	nan	
1759.531263	838	1759.531263	nan	
1760.633261	839	1760.633261	nan	
1761.735079	839	1761.735079	nan	
1762.836716	838	1762.836716	nan	
1763.938173	840	1763.938173	nan	
1765.039449	839	1765.039449	nan	
1766.140546	840	1766.140546	nan	
1767.241462	839	1767.241462	nan	
1768.342198	841	1768.342198	nan	
1769.442755	838	1769.442755	nan	
1770.543131	839	1770.543131	nan	
1771.643327	840	1771.643327	nan	
1772.743343	841	1772.743343	nan	
1773.843179	838	1773.843179	nan	
1774.942835	837	1774.942835	nan	
1776.042311	838	1776.042311	nan	
1777.141608	839	1777.141608	nan	
1778.240724	837	1778.240724	nan	
1779.339661	839	1779.339661	nan	
1780.438418	838	1780.438418	nan	
1781.536995	836	1781.536995	nan	
1782.635393	838	1782.635393	nan	
1783.733611	837	1783.733611	nan	
1784.831649	837	1784.831649	nan	
1785.929508	839	1785.929508	nan	
1787.027187	838	1787.027187	nan	
1788.124686	839	1788.124686	nan	
1789.222006	839	1789.222006	nan	
1790.319147	838	1790.319147	nan	
1791.416108	836	1791.416108	nan	
1792.51289	838	1792.51289	nan	
1793.609492	840	1793.609492	nan	
1794.705915	839	1794.705915	nan	
1795.802159	840	1795.802159	nan	
1796.898223	839	1796.898223	nan	
1797.994108	840	1797.994108	nan	
1799.089814	839	1799.089814	nan	
1800.185341	838	1800.185341	nan	
1801.280688	841	1801.280688	nan	
1802.375857	838	1802.375857	nan	
1803.470846	838	1803.470846	nan	
1804.565656	838	1804.565656	nan	
1805.660288	839	1805.660288	nan	
1806.75474	839	1806.75474	nan	
1807.849013	840	1807.849013	nan	
1808.943108	839	1808.943108	nan	
1810.037023	839	1810.037023	nan	
1811.13076	838	1811.13076	nan	
1812.224317	838	1812.224317	nan	
1813.317696	839	1813.317696	nan	
1814.410897	840	1814.410897	nan	
1815.503918	838	1815.503918	nan	
1816.596761	838	1816.596761	nan	
1817.689425	838	1817.689425	nan	
1818.78191	839	1818.78191	nan	
1819.874217	838	1819.874217	nan	
1820.966345	839	1820.966345	nan	
1822.058295	837	1822.058295	nan	
1823.150066	837	1823.150066	nan	
1824.241659	839	1824.241659	nan	
1825.333073	839	1825.333073	nan	
1826.424309	836	1826.424309	nan	
1827.515367	838	1827.515367	nan	
1828.606246	838	1828.606246	nan	
1829.696947	839	1829.696947	nan	
1830.787469	839	1830.787469	nan	
1831.877813	839	1831.877813	nan	
1832.96798	838	1832.96798	nan	
1834.057967	838	1834.057967	nan	
1835.147777	838	1835.147777	nan	
1836.237409	838	1836.237409	nan	
1837.326862	838	1837.326862	nan	
1838.416137	837	1838.416137	nan	
1839.505235	837	1839.505235	nan	
1840.594154	840	1840.594154	nan	
1841.682896	839	1841.682896	nan	
1842.771459	840	1842.771459	nan	
1843.859845	840	1843.859845	nan	
1844.948052	837	1844.948052	nan	
1846.036082	840	1846.036082	nan	
1847.123934	838	1847.123934	nan	
1848.211608	840	1848.211608	nan	
1849.299105	839	1849.299105	nan	
1850.386424	838	1850.386424	nan	
1851.473565	839	1851.473565	nan	
1852.560528	838	1852.560528	nan	
1853.647314	838	1853.647314	nan	
1854.733922	839	1854.733922	nan	
1855.820353	840	1855.820353	nan	
1856.906606	839	1856.906606	nan	
1857.992682	839	1857.992682	nan	
1859.07858	839	1859.07858	nan	
1860.164301	839	1860.164301	nan	
1861.249844	838	1861.249844	nan	
1862.33521	837	1862.33521	nan	
1863.420399	840	1863.420399	nan	
1864.50541	840	1864.50541	nan	
1865.590244	839	1865.590244	nan	
1866.674901	838	1866.674901	nan	
1867.759381	839	1867.759381	nan	
1868.843683	840	1868.843683	nan	
1869.927809	839	1869.927809	nan	
1871.011757	837	1871.011757	nan	
1872.095528	839	1872.095528	nan	
1873.179122	838	1873.179122	nan	
1874.262539	836	1874.262539	nan	
1875.34578	838	1875.34578	nan	
1876.428843	836	1876.428843	nan	
1877.511729	838	1877.511729	nan	
1878.594438	838	1878.594438	nan	
1879.676971	839	1879.676971	nan	
1880.759327	838	1880.759327	nan	
1881.841505	839	1881.841505	nan	
1882.923508	840	1882.923508	nan	
1884.005333	838	1884.005333	nan	
1885.086982	839	1885.086982	nan	
1886.168454	839	1886.168454	nan	
1887.249749	838	1887.249749	nan	
1888.330868	840	1888.330868	nan	
1889.41181	839	1889.41181	nan	
1890.492576	837	1890.492576	nan	
1891.573165	840	1891.573165	nan	
1892.653578	840	1892.653578	nan	
1893.733814	839	1893.733814	nan	
1894.813874	839	1894.813874	nan	
1895.893757	839	1895.893757	nan	
1896.973464	840	1896.973464	nan	
1898.052995	837	1898.052995	nan	
1899.132349	839	1899.132349	nan	
1900.211528	838	1900.211528	nan	
1901.29053	839	1901.29053	nan	
1902.369355	838	1902.369355	nan	
1903.448005	837	1903.448005	nan	
1904.526479	840	1904.526479	nan	
1905.604776	838	1905.604776	nan	
1906.682897	837	1906.682897	nan	
1907.760843	838	1907.760843	nan	
1908.838612	839	1908.838612	nan	
1909.916205	839	1909.916205	nan	
1910.993623	839	1910.993623	nan	
1912.070864	838	1912.070864	nan	
1913.14793	838	1913.14793	nan	
1914.22482	837	1914.22482	nan	
1915.301533	839	1915.301533	nan	
1916.378072	838	1916.378072	nan	
1917.454434	837	1917.454434	nan	
1918.530621	837	1918.530621	nan	
1919.606632	840	1919.606632	nan	
1920.682467	838	1920.682467	nan	
1921.758127	840	1921.758127	nan	
1922.833611	838	1922.833611	nan	
1923.908919	839	1923.908919	nan	
1924.984052	838	1924.984052	nan	
1926.05901	838	1926.05901	nan	
1927.133792	838	1927.133792	nan	
1928.208398	839	1928.208398	nan	
1929.28283	837	1929.28283	nan	
1930.357085	838	1930.357085	nan	
1931.431166	840	1931.431166	nan	
1932.505071	839	1932.505071	nan	
1933.578801	841	1933.578801	nan	
1934.652355	838	1934.652355	nan	
1935.725735	838	1935.725735	nan	
1936.798939	837	1936.798939	nan	
1937.871968	839	1937.871968	nan	
1938.944822	837	1938.944822	nan	
1940.017501	837	1940.017501	nan	
1941.090005	838	1941.090005	nan	
1942.162333	841	1942.162333	nan	
1943.234487	836	1943.234487	nan	
1944.306466	839	1944.306466	nan	
1945.37827	840	1945.37827	nan	
1946.449898	839	1946.449898	nan	
1947.521352	837	1947.521352	nan	
1948.592632	837	1948.592632	nan	
1949.663736	839	1949.663736	nan	
1950.734666	840	1950.734666	nan	
1951.80542	838	1951.80542	nan	
1952.876	839	1952.876	nan	
1953.946406	838	1953.946406	nan	
1955.016637	838	1955.016637	nan	
1956.086693	840	1956.086693	nan	
1957.156574	840	1957.156574	nan	
1958.226281	838	1958.226281	nan	
1959.295814	838	1959.295814	nan	
1960.365172	838	1960.365172	nan	
1961.434355	837	1961.434355	nan	
1962.503364	842	1962.503364	nan	
1963.572199	839	1963.572199	nan	
1964.640859	840	1964.640859	nan	
1965.709345	837	1965.709345	nan	
1966.777656	838	1966.777656	nan	
1967.845794	839	1967.845794	nan	
1968.913757	838	1968.913757	nan	
1969.981546	838	1969.981546	nan	
1971.04916	838	1971.04916	nan	
1972.116601	840	1972.116601	nan	
1973.183867	837	1973.183867	nan	
1974.250959	839	1974.250959	nan	
1975.317877	840	1975.317877	nan	
1976.384621	837	1976.384621	nan	
1977.451192	839	1977.451192	nan	
1978.517588	838	1978.517588	nan	
1979.58381	838	1979.58381	nan	
1980.649858	839	1980.649858	nan	
1981.715733	837	1981.715733	nan	
1982.781433	838	1982.781433	nan	
1983.84696	839	1983.84696	nan	
1984.912313	840	1984.912313	nan	
1985.977492	838	1985.977492	nan	
1987.042497	838	1987.042497	nan	
1988.107329	837	1988.107329	nan	
1989.171987	839	1989.171987	nan	
1990.236472	839	1990.236472	nan	
1991.300783	838	1991.300783	nan	
1992.36492	840	1992.36492	nan	
1993.428884	839	1993.428884	nan	
1994.492674	839	1994.492674	nan	
1995.556291	839	1995.556291	nan	
1996.619734	838	1996.619734	nan	
1997.683004	840	1997.683004	nan	
1998.7461	838	1998.7461	nan	
1999.809024	839	1999.809024	nan	
2000.871773	838	2000.871773	nan	
2001.93435	840	2001.93435	nan	
2002.996753	837	2002.996753	nan	
2004.058983	839	2004.058983	nan	
2005.12104	839	2005.12104	nan	
2006.182924	840	2006.182924	nan	
2007.244634	839	2007.244634	nan	
2008.306172	840	2008.306172	nan	
2009.367536	839	2009.367536	nan	
2010.428727	838	2010.428727	nan	
2011.489746	839	2011.489746	nan	
2012.550591	839	2012.550591	nan	
2013.611263	840	2013.611263	nan	
2014.671763	839	2014.671763	nan	
2015.732089	840	2015.732089	nan	
2016.792243	838	2016.792243	nan	
2017.852224	839	2017.852224	nan	
2018.912032	837	2018.912032	nan	
2019.971667	839	2019.971667	nan	
2021.031129	839	2021.031129	nan	
2022.090419	839	2022.090419	nan	
2023.149536	840	2023.149536	nan	
2024.208481	837	2024.208481	nan	
2025.267253	839	2025.267253	nan	
2026.325852	838	2026.325852	nan	
2027.384279	840	2027.384279	nan	
2028.442533	838	2028.442533	nan	
2029.500615	839	2029.500615	nan	
2030.558524	838	2030.558524	nan	
2031.616261	839	2031.616261	nan	
2032.673825	839	2032.673825	nan	
2033.731217	839	2033.731217	nan	
2034.788437	839	2034.788437	nan	
2035.845484	838	2035.845484	nan	
2036.902359	839	2036.902359	nan	
2037.959062	839	2037.959062	nan	
2039.015593	838	2039.015593	nan	
2040.071951	838	2040.071951	nan	
2041.128138	838	2041.128138	nan	
2042.184152	837	2042.184152	nan	
2043.239994	838	2043.239994	nan	
2044.295664	838	2044.295664	nan	
2045.351162	838	2045.351162	nan	
2046.406488	838	2046.406488	nan	
2047.461642	838	2047.461642	nan	
2048.516624	837	2048.516624	nan	
2049.571434	837	2049.571434	nan	
2050.626072	840	2050.626072	nan	
2051.680539	840	2051.680539	nan	
2052.734833	838	2052.734833	nan	
2053.788956	839	2053.788956	nan	
2054.842907	839	2054.842907	nan	
2055.896686	839	2055.896686	nan	
2056.950294	841	2056.950294	nan	
2058.00373	837	2058.00373	nan	
2059.056994	839	2059.056994	nan	
2060.110087	838	2060.110087	nan	
2061.163008	839	2061.163008	nan	
2062.215758	838	2062.215758	nan	
2063.268336	839	2063.268336	nan	
2064.320742	840	2064.320742	nan	
2065.372978	837	2065.372978	nan	
2066.425041	840	2066.425041	nan	
2067.476934	839	2067.476934	nan	
2068.528655	839	2068.528655	nan	
2069.580204	838	2069.580204	nan	
2070.631583	840	2070.631583	nan	
2071.68279	839	2071.68279	nan	
2072.733825	838	2072.733825	nan	
2073.78469	838	2073.78469	nan	
2074.835383	839	2074.835383	nan	
2075.885906	838	2075.885906	nan	
2076.936257	840	2076.936257	nan	
2077.986437	838	2077.986437	nan	
2079.036446	839	2079.036446	nan	
2080.086284	837	2080.086284	nan	
2081.135951	841	2081.135951	nan	
2082.185447	838	2082.185447	nan	
2083.234772	840	2083.234772	nan	
2084.283926	836	2084.283926	nan	
2085.332909	839	2085.332909	nan	
2086.381722	837	2086.381722	nan	
2087.430363	838	2087.430363	nan	
2088.478834	839	2088.478834	nan	
2089.527134	837	2089.527134	nan	
2090.575264	838	2090.575264	nan	
2091.623222	839	2091.623222	nan	
2092.67101	839	2092.67101	nan	
2093.718628	838	2093.718628	nan	
2094.766075	840	2094.766075	nan	
2095.813351	839	2095.813351	nan	
2096.860456	838	2096.860456	nan	
2097.907392	838	2097.907392	nan	
2098.954156	839	2098.954156	nan	
2100.00075	837	2100.00075	nan	
2101.047174	839	2101.047174	nan	
2102.093428	837	2102.093428	nan	
2103.139511	839	2103.139511	nan	
2104.185423	836	2104.185423	nan	
2105.231166	840	2105.231166	nan	
2106.276738	839	2106.276738	nan	
2107.32214	838	2107.32214	nan	
2108.367371	836	2108.367371	nan	
2109.412433	837	2109.412433	nan	
2110.457324	839	2110.457324	nan	
2111.502045	838	2111.502045	nan	
2112.546596	839	2112.546596	nan	
2113.590978	838	2113.590978	nan	
2114.635189	838	2114.635189	nan	
2115.67923	837	2115.67923	nan	
2116.723101	838	2116.723101	nan	
2117.766802	837	2117.766802	nan	
2118.810333	837	2118.810333	nan	
2119.853694	840	2119.853694	nan	
2120.896886	839	2120.896886	nan	
2121.939907	839	2121.939907	nan	
2122.982759	839	2122.982759	nan	
2124.025441	838	2124.025441	nan	
2125.067954	839	2125.067954	nan	
2126.110297	838	2126.110297	nan	
2127.15247	837	2127.15247	nan	
2128.194473	838	2128.194473	nan	
2129.236307	836	2129.236307	nan	
2130.277971	838	2130.277971	nan	
2131.319466	838	2131.319466	nan	
2132.360791	840	2132.360791	nan	
2133.401946	839	2133.401946	nan	
2134.442933	838	2134.442933	nan	
2135.483749	838	2135.483749	nan	
2136.524397	838	2136.524397	nan	
2137.564875	838	2137.564875	nan	
2138.605183	839	2138.605183	nan	
2139.645323	837	2139.645323	nan	
2140.685293	838	2140.685293	nan	
2141.725094	841	2141.725094	nan	
2142.764725	838	2142.764725	nan	
2143.804188	837	2143.804188	nan	
2144.843481	837	2144.843481	nan	
2145.882605	838	2145.882605	nan	
2146.92156	838	2146.92156	nan	
2147.960346	839	2147.960346	nan	
2148.998963	837	2148.998963	nan	
2150.037411	839	2150.037411	nan	
2151.07569	840	2151.07569	nan	
2152.1138	841	2152.1138	nan	
2153.151741	841	2153.151741	nan	
2154.189513	839	2154.189513	nan	
2155.227116	839	2155.227116	nan	
2156.264551	839	2156.264551	nan	
2157.301817	839	2157.301817	nan	
2158.338913	840	2158.338913	nan	
2159.375842	839	2159.375842	nan	
2160.412601	838	2160.412601	nan	
2161.449192	838	2161.449192	nan	
2162.485614	839	2162.485614	nan	
2163.521868	840	2163.521868	nan	
2164.557952	838	2164.557952	nan	
2165.593869	838	2165.593869	nan	
2166.629617	839	2166.629617	nan	
2167.665196	839	2167.665196	nan	
2168.700607	838	2168.700607	nan	
2169.735849	838	2169.735849	nan	
2170.770923	838	2170.770923	nan	
2171.805829	839	2171.805829	nan	
2172.840566	838	2172.840566	nan	
2173.875135	839	2173.875135	nan	
2174.909536	838	2174.909536	nan	
2175.943768	839	2175.943768	nan	
2176.977833	838	2176.977833	nan	
2178.011728	838	2178.011728	nan	
2179.045456	838	2179.045456	nan	
2180.079016	837	2180.079016	nan	
2181.112407	838	2181.112407	nan	
2182.145631	839	2182.145631	nan	
2183.178686	841	2183.178686	nan	
2184.211574	838	2184.211574	nan	
2185.244293	837	2185.244293	nan	
2186.276845	839	2186.276845	nan	
2187.309228	837	2187.309228	nan	
2188.341444	837	2188.341444	nan	
2189.373491	839	2189.373491	nan	
2190.405371	838	2190.405371	nan	
2191.437083	840	2191.437083	nan	
2192.468627	838	2192.468627	nan	
2193.500004	838	2193.500004	nan	
2194.531213	838	2194.531213	nan	
2195.562254	838	2195.562254	nan	
2196.593127	838	2196.593127	nan	
2197.623833	838	2197.623833	nan	
2198.654371	839	2198.654371	nan	
2199.684742	837	2199.684742	nan	
2200.714945	838	2200.714945	nan	
2201.74498	840	2201.74498	nan	
2202.774848	837	2202.774848	nan	
2203.804549	839	2203.804549	nan	
2204.834082	838	2204.834082	nan	
2205.863448	839	2205.863448	nan	
2206.892646	838	2206.892646	nan	
2207.921677	839	2207.921677	nan	
2208.950541	840	2208.950541	nan	
2209.979237	837	2209.979237	nan	
2211.007766	837	2211.007766	nan	
2212.036128	838	2212.036128	nan	
2213.064323	836	2213.064323	nan	
2214.09235	838	2214.09235	nan	
2215.120211	839	2215.120211	nan	
2216.147904	836	2216.147904	nan	
2217.17543	838	2217.17543	nan	
2218.20279	839	2218.20279	nan	
2219.229982	838	2219.229982	nan	
2220.257007	838	2220.257007	nan	
2221.283865	839	2221.283865	nan	
2222.310556	840	2222.310556	nan	
2223.337081	839	2223.337081	nan	
2224.363438	839	2224.363438	nan	
2225.389629	838	2225.389629	nan	
2226.415653	839	2226.415653	nan	
2227.44151	837	2227.44151	nan	
2228.4672	840	2228.4672	nan	
2229.492724	839	2229.492724	nan	
2230.518081	839	2230.518081	nan	
2231.543271	838	2231.543271	nan	
2232.568295	838	2232.568295	nan	
2233.593152	840	2233.593152	nan	
2234.617842	838	2234.617842	nan	
2235.642366	838	2235.642366	nan	
2236.666724	839	2236.666724	nan	
2237.690914	839	2237.690914	nan	
2238.714939	837	2238.714939	nan	
2239.738797	838	2239.738797	nan	
2240.762489	839	2240.762489	nan	
2241.786014	841	2241.786014	nan	
2242.809373	839	2242.809373	nan	
2243.832565	839	2243.832565	nan	
2244.855592	839	2244.855592	nan	
2245.878452	839	2245.878452	nan	
2246.901145	837	2246.901145	nan	
2247.923673	839	2247.923673	nan	
2248.946034	838	2248.946034	nan	
2249.96823	837	2249.96823	nan	
2250.990259	839	2250.990259	nan	
2252.012122	839	2252.012122	nan	
2253.033819	837	2253.033819	nan	
2254.05535	836	2254.05535	nan	
2255.076715	838	2255.076715	nan	
2256.097914	839	2256.097914	nan	
2257.118948	838	2257.118948	nan	
2258.139815	838	2258.139815	nan	
2259.160516	838	2259.160516	nan	
2260.181052	837	2260.181052	nan	
2261.201422	839	2261.201422	nan	
2262.221626	838	2262.221626	nan	
2263.241664	839	2263.241664	nan	
2264.261536	840	2264.261536	nan	
2265.281243	837	2265.281243	nan	
2266.300784	838	2266.300784	nan	
2267.32016	840	2267.32016	nan	
2268.33937	837	2268.33937	nan	
2269.358414	838	2269.358414	nan	
2270.377293	839	2270.377293	nan	
2271.396006	839	2271.396006	nan	
2272.414554	840	2272.414554	nan	
2273.432936	838	2273.432936	nan	
2274.451153	837	2274.451153	nan	
2275.469204	839	2275.469204	nan	
2276.48709	838	2276.48709	nan	
2277.504811	838	2277.504811	nan	
2278.522366	837	2278.522366	nan	
2279.539756	838	2279.539756	nan	
2280.556981	838	2280.556981	nan	
2281.574041	839	2281.574041	nan	
2282.590935	838	2282.590935	nan	
2283.607664	839	2283.607664	nan	
2284.624228	838	2284.624228	nan	
2285.640627	838	2285.640627	nan	
2286.656861	838	2286.656861	nan	
2287.67293	839	2287.67293	nan	
2288.688834	838	2288.688834	nan	
2289.704573	837	2289.704573	nan	
2290.720147	838	2290.720147	nan	
2291.735555	839	2291.735555	nan	
2292.750799	839	2292.750799	nan	
2293.765879	839	2293.765879	nan	
2294.780793	838	2294.780793	nan	
2295.795542	839	2295.795542	nan	
2296.810127	838	2296.810127	nan	
2297.824547	840	2297.824547	nan	
2298.838802	839	2298.838802	nan	
2299.852892	836	2299.852892	nan	
2300.866818	838	2300.866818	nan	
2301.880579	839	2301.880579	nan	
2302.894176	839	2302.894176	nan	
2303.907607	839	2303.907607	nan	
2304.920875	839	2304.920875	nan	
2305.933977	839	2305.933977	nan	
2306.946916	836	2306.946916	nan	
2307.95969	840	2307.95969	nan	
2308.972299	838	2308.972299	nan	
2309.984744	840	2309.984744	nan	
2310.997024	838	2310.997024	nan	
2312.009141	839	2312.009141	nan	
2313.021092	838	2313.021092	nan	
2314.03288	837	2314.03288	nan	
2315.044503	841	2315.044503	nan	
2316.055962	837	2316.055962	nan	
2317.067257	838	2317.067257	nan	
2318.078388	840	2318.078388	nan	
2319.089354	838	2319.089354	nan	
2320.100156	838	2320.100156	nan	
2321.110795	838	2321.110795	nan	
2322.121269	840	2322.121269	nan	
2323.131579	838	2323.131579	nan	
2324.141725	840	2324.141725	nan	
2325.151707	839	2325.151707	nan	
2326.161525	840	2326.161525	nan	
2327.17118	840	2327.17118	nan	
2328.18067	839	2328.18067	nan	
2329.189996	840	2329.189996	nan	
2330.199159	839	2330.199159	nan	
2331.208158	839	2331.208158	nan	
2332.216993	837	2332.216993	nan	
2333.225664	840	2333.225664	nan	
2334.234172	838	2334.234172	nan	
2335.242516	838	2335.242516	nan	
2336.250696	839	2336.250696	nan	
2337.258712	840	2337.258712	nan	
2338.266565	838	2338.266565	nan	
2339.274255	838	2339.274255	nan	
2340.28178	840	2340.28178	nan	
2341.289143	840	2341.289143	nan	
2342.296341	838	2342.296341	nan	
2343.303377	839	2343.303377	nan	
2344.310249	842	2344.310249	nan	
2345.316957	840	2345.316957	nan	
2346.323502	838	2346.323502	nan	
2347.329884	840	2347.329884	nan	
2348.336102	840	2348.336102	nan	
2349.342157	839	2349.342157	nan	
2350.348049	839	2350.348049	nan	
2351.353778	838	2351.353778	nan	
2352.359343	838	2352.359343	nan	
2353.364745	839	2353.364745	nan	
2354.369985	840	2354.369985	nan	
2355.37506	839	2355.37506	nan	
2356.379973	841	2356.379973	nan	
2357.384723	840	2357.384723	nan	
2358.38931	839	2358.38931	nan	
2359.393734	839	2359.393734	nan	
2360.397994	837	2360.397994	nan	
2361.402092	840	2361.402092	nan	
2362.406027	839	2362.406027	nan	
2363.409799	839	2363.409799	nan	
2364.413408	838	2364.413408	nan	
2365.416854	838	2365.416854	nan	
2366.420138	838	2366.420138	nan	
2367.423259	838	2367.423259	nan	
2368.426217	838	2368.426217	nan	
2369.429012	838	2369.429012	nan	
2370.431644	840	2370.431644	nan	
2371.434114	842	2371.434114	nan	
2372.436421	840	2372.436421	nan	
2373.438566	839	2373.438566	nan	
2374.440548	838	2374.440548	nan	
2375.442368	840	2375.442368	nan	
2376.444025	840	2376.444025	nan	
2377.445519	839	2377.445519	nan	
2378.446851	841	2378.446851	nan	
2379.448021	839	2379.448021	nan	
2380.449028	839	2380.449028	nan	
2381.449873	838	2381.449873	nan	
2382.450555	839	2382.450555	nan	
2383.451075	839	2383.451075	nan	
2384.451433	839	2384.451433	nan	
2385.451629	840	2385.451629	nan	
2386.451662	837	2386.451662	nan	
2387.451533	838	2387.451533	nan	
2388.451242	838	2388.451242	nan	
2389.450789	839	2389.450789	nan	
2390.450173	838	2390.450173	nan	
2391.449396	840	2391.449396	nan	
2392.448456	838	2392.448456	nan	
2393.447355	839	2393.447355	nan	
2394.446091	841	2394.446091	nan	
2395.444666	837	2395.444666	nan	
2396.443078	840	2396.443078	nan	
2397.441329	840	2397.441329	nan	
2398.439418	838	2398.439418	nan	
2399.437344	838	2399.437344	nan	
2400.435109	839	2400.435109	nan	
2401.432712	838	2401.432712	nan	
2402.430154	839	2402.430154	nan	
2403.427433	838	2403.427433	nan	
2404.424551	838	2404.424551	nan	
2405.421508	839	2405.421508	nan	
2406.418302	840	2406.418302	nan	
2407.414935	838	2407.414935	nan	
2408.411406	839	2408.411406	nan	
2409.407716	838	2409.407716	nan	
2410.403864	839	2410.403864	nan	
2411.399851	839	2411.399851	nan	
2412.395676	839	2412.395676	nan	
2413.391339	842	2413.391339	nan	
2414.386842	838	2414.386842	nan	
2415.382182	840	2415.382182	nan	
2416.377362	840	2416.377362	nan	
2417.37238	839	2417.37238	nan	
2418.367237	841	2418.367237	nan	
2419.361932	839	2419.361932	nan	
2420.356466	840	2420.356466	nan	
2421.350839	839	2421.350839	nan	
2422.345051	837	2422.345051	nan	
2423.339101	840	2423.339101	nan	
2424.33299	838	2424.33299	nan	
2425.326719	837	2425.326719	nan	
2426.320286	837	2426.320286	nan	
2427.313692	838	2427.313692	nan	
2428.306937	837	2428.306937	nan	
2429.300021	839	2429.300021	nan	
2430.292944	840	2430.292944	nan	
2431.285706	839	2431.285706	nan	
2432.278307	840	2432.278307	nan	
2433.270747	839	2433.270747	nan	
2434.263026	840	2434.263026	nan	
2435.255144	838	2435.255144	nan	
2436.247102	840	2436.247102	nan	
2437.238899	841	2437.238899	nan	
2438.230535	837	2438.230535	nan	
2439.22201	838	2439.22201	nan	
2440.213325	839	2440.213325	nan	
2441.204479	840	2441.204479	nan	
2442.195472	841	2442.195472	nan	
2443.186304	839	2443.186304	nan	
2444.176977	841	2444.176977	nan	
2445.167488	842	2445.167488	nan	
2446.157839	842	2446.157839	nan	
2447.148029	841	2447.148029	nan	
2448.138059	842	2448.138059	nan	
2449.127929	841	2449.127929	nan	
2450.117638	842	2450.117638	nan	
2451.107186	843	2451.107186	nan	
2452.096575	841	2452.096575	nan	
2453.085803	843	2453.085803	nan	
2454.07487	843	2454.07487	nan	
2455.063777	842	2455.063777	nan	
2456.052525	840	2456.052525	nan	
2457.041111	841	2457.041111	nan	
2458.029538	838	2458.029538	nan	
2459.017804	840	2459.017804	nan	
2460.005911	841	2460.005911	nan	
2460.993857	839	2460.993857	nan	
2461.981643	841	2461.981643	nan	
2462.969269	840	2462.969269	nan	
2463.956735	841	2463.956735	nan	
2464.944041	841	2464.944041	nan	
2465.931187	839	2465.931187	nan	
2466.918173	840	2466.918173	nan	
2467.904999	841	2467.904999	nan	
2468.891665	840	2468.891665	nan	
2469.878172	840	2469.878172	nan	
2470.864518	839	2470.864518	nan	
2471.850705	841	2471.850705	nan	
2472.836732	839	2472.836732	nan	
2473.822599	838	2473.822599	nan	
2474.808306	838	2474.808306	nan	
2475.793854	839	2475.793854	nan	
2476.779242	839	2476.779242	nan	
2477.764471	839	2477.764471	nan	
2478.749539	839	2478.749539	nan	
2479.734449	838	2479.734449	nan	
2480.719198	839	2480.719198	nan	
2481.703788	841	2481.703788	nan	
2482.688219	837	2482.688219	nan	
2483.67249	839	2483.67249	nan	
2484.656602	838	2484.656602	nan	
2485.640554	838	2485.640554	nan	
2486.624347	838	2486.624347	nan	
2487.60798	840	2487.60798	nan	
2488.591454	841	2488.591454	nan	
2489.574769	841	2489.574769	nan	
2490.557925	840	2490.557925	nan	
2491.540921	838	2491.540921	nan	
2492.523758	840	2492.523758	nan	
2493.506436	840	2493.506436	nan	
2494.488955	838	2494.488955	nan	
2495.471314	837	2495.471314	nan	
2496.453515	838	2496.453515	nan	
2497.435556	840	2497.435556	nan	
2498.417439	839	2498.417439	nan	
2499.399162	840	2499.399162	nan	
2500.380726	839	2500.380726	nan	
2501.362131	839	2501.362131	nan	
2502.343378	840	2502.343378	nan	
2503.324465	839	2503.324465	nan	
2504.305394	838	2504.305394	nan	
2505.286163	841	2505.286163	838.2556556	
2506.266774	840	2506.266774	838.2584257	
2507.247226	839	2507.247226	838.2612432	
2508.227519	840	2508.227519	838.2641092	
2509.207654	840	2509.207654	838.2670248	
2510.18763	840	2510.18763	838.2699912	
2511.167447	842	2511.167447	838.2730095	
2512.147105	840	2512.147105	838.2760808	
2513.126605	839	2513.126605	838.2792066	
2514.105946	840	2514.105946	838.2823881	
2515.085128	840	2515.085128	838.2856265	
2516.064152	839	2516.064152	838.2889233	
2517.043018	840	2517.043018	838.2922799	
2518.021725	838	2518.021725	838.2956977	
2519.000273	840	2519.000273	838.2991782	
2519.978663	840	2519.978663	838.3027229	
2520.956895	839	2520.956895	838.3063334	
2521.934968	839	2521.934968	838.3100115	
2522.912883	839	2522.912883	838.3137586	
2523.890639	838	2523.890639	838.3175767	
2524.868237	840	2524.868237	838.3214674	
2525.845677	839	2525.845677	838.3254326	
2526.822959	840	2526.822959	838.3294743	
2527.800082	839	2527.800082	838.3335944	
2528.777047	839	2528.777047	838.3377949	
2529.753855	842	2529.753855	838.3420779	
2530.730503	839	2530.730503	838.3464457	
2531.706994	838	2531.706994	838.3509004	
2532.683327	839	2532.683327	838.3554443	
2533.659501	836	2533.659501	838.3600799	
2534.635518	840	2534.635518	838.3648097	
2535.611376	840	2535.611376	838.3696361	
2536.587077	840	2536.587077	838.3745618	
2537.56262	839	2537.56262	838.3795896	
2538.538004	839	2538.538004	838.3847222	
2539.513231	839	2539.513231	838.3899627	
2540.4883	839	2540.4883	838.3953139	
2541.463211	838	2541.463211	838.4007792	
2542.437964	840	2542.437964	838.4063617	
2543.41256	837	2543.41256	838.4120647	
2544.386998	837	2544.386998	838.4178918	
2545.361278	839	2545.361278	838.4238466	
2546.3354	840	2546.3354	838.4299328	
2547.309364	838	2547.309364	838.4361543	
2548.283171	840	2548.283171	838.4425151	
2549.256821	838	2549.256821	838.4490194	
2550.230312	838	2550.230312	838.4556715	
2551.203647	839	2551.203647	838.4624759	
2552.176823	840	2552.176823	838.4694373	
2553.149842	839	2553.149842	838.4765605	
2554.122704	836	2554.122704	838.4838506	
2555.095408	837	2555.095408	838.4913128	
2556.067955	838	2556.067955	838.4989526	
2557.040344	839	2557.040344	838.5067755	
2558.012576	839	2558.012576	838.5147874	
2558.984651	839	2558.984651	838.5229946	
2559.956568	839	2559.956568	838.5314032	
2560.928328	839	2560.928328	838.5400201	
2561.899931	837	2561.899931	838.548852	
2562.871376	842	2562.871376	838.5579061	
2563.842664	839	2563.842664	838.56719	
2564.813795	839	2564.813795	838.5767114	
2565.784769	839	2565.784769	838.5864785	
2566.755586	839	2566.755586	838.5964997	
2567.726246	840	2567.726246	838.6067839	
2568.696748	839	2568.696748	838.6173404	
2569.667094	839	2569.667094	838.6281788	
2570.637282	839	2570.637282	838.6393092	
2571.607314	838	2571.607314	838.650742	
2572.577189	841	2572.577189	838.6624884	
2573.546906	840	2573.546906	838.6745598	
2574.516467	838	2574.516467	838.6869683	
2575.485871	839	2575.485871	838.6997265	
2576.455118	841	2576.455118	838.7128476	
2577.424208	841	2577.424208	838.7263453	
2578.393141	839	2578.393141	838.7402342	
2579.361918	839	2579.361918	838.7545295	
2580.330538	838	2580.330538	838.7692471	
2581.299001	837	2581.299001	838.7844037	
2582.267307	841	2582.267307	838.8000168	
2583.235457	839	2583.235457	838.8161049	
2584.20345	840	2584.20345	838.8326872	
2585.171287	839	2585.171287	838.8497843	
2586.138967	839	2586.138967	838.8674173	
2587.10649	840	2587.10649	838.885609	
2588.073857	840	2588.073857	838.9043829	
2589.041067	839	2589.041067	838.9237641	
2590.008121	838	2590.008121	838.9437787	
2590.975019	841	2590.975019	838.9644547	
2591.94176	840	2591.94176	838.9858213	
2592.908344	839	2592.908344	839.0079093	
2593.874772	841	2593.874772	839.0307514	
2594.841044	841	2594.841044	839.0543822	
2595.80716	838	2595.80716	839.078838	
2596.773119	840	2596.773119	839.1041574	
2597.738922	838	2597.738922	839.1303815	
2598.704569	839	2598.704569	839.1575533	
2599.67006	840	2599.67006	839.1857189	
2600.635394	842	2600.635394	839.214927	
2601.600572	839	2601.600572	839.2452292	
2602.565595	838	2602.565595	839.2766804	
2603.530461	839	2603.530461	839.309339	
2604.495171	840	2604.495171	839.3432672	
2605.459725	841	2605.459725	839.3785311	
2606.424123	840	2606.424123	839.4152011	
2607.388365	839	2607.388365	839.4533523	
2608.352451	840	2608.352451	839.4930648	
2609.316381	838	2609.316381	839.5344244	
2610.280155	842	2610.280155	839.5775225	
2611.243773	839	2611.243773	839.6224569	
2612.207236	839	2612.207236	839.6693325	
2613.170542	839	2613.170542	839.7182617	
2614.133693	838	2614.133693	839.7693649	
2615.096688	838	2615.096688	839.8227715	
2616.059528	840	2616.059528	839.8786205	
2617.022211	839	2617.022211	839.9370615	
2617.984739	839	2617.984739	839.9982555	
2618.947111	840	2618.947111	840.0623762	
2619.909328	838	2619.909328	840.129611	
2620.871389	840	2620.871389	840.2001622	
2621.833295	839	2621.833295	840.2742488	
2622.795044	840	2622.795044	840.3521077	
2623.756639	837	2623.756639	840.433996	
2624.718078	838	2624.718078	840.5201926	
2625.679361	838	2625.679361	840.6110005	
2626.640489	841	2626.640489	840.7067495	
2627.601462	840	2627.601462	840.807799	
2628.562279	840	2628.562279	840.9145409	
2629.52294	840	2629.52294	841.0274037	
2630.483447	840	2630.483447	841.1468558	
2631.443798	839	2631.443798	841.2734107	
2632.403994	841	2632.403994	841.4076319	
2633.364035	840	2633.364035	841.5501385	
2634.32392	843	2634.32392	841.7016122	
2635.28365	839	2635.28365	841.8628043	
2636.243225	841	2636.243225	842.034545	
2637.202645	842	2637.202645	842.2177522	
2638.16191	841	2638.16191	842.4134433	
2639.121019	840	2639.121019	842.622748	
2640.079974	841	2640.079974	842.8469223	
2641.038773	842	2641.038773	843.0873659	
2641.997418	842	2641.997418	843.3456413	
2642.955908	841	2642.955908	843.6234962	
2643.914242	841	2643.914242	843.922889	
2644.872422	844	2644.872422	844.2460186	
2645.830447	840	2645.830447	844.595359	
2646.788316	843	2646.788316	844.9736987	
2647.746031	844	2647.746031	845.3841872	
2648.703592	842	2648.703592	845.8303883	
2649.660997	843	2649.660997	846.3163418	
2650.618248	842	2650.618248	846.8466353	
2651.575344	846	2651.575344	847.4264865	
2652.532285	847	2652.532285	848.0618383	
2653.489071	845	2653.489071	848.7594671	
2654.445703	847	2654.445703	849.5271056	
2655.40218	847	2655.40218	850.3735812	
2656.358503	849	2656.358503	851.3089672	
2657.314671	849	2657.314671	852.3447454	
2658.270684	852	2658.270684	853.493974	
2659.226543	851	2659.226543	854.771447	
2660.182247	854	2660.182247	856.1938263	
2661.137797	855	2661.137797	857.779712	
2662.093193	857	2662.093193	859.5495967	
2663.048434	862	2663.048434	861.5256216	
2664.003521	866	2664.003521	863.7310099	
2664.958453	865	2664.958453	866.1889989	
2665.913231	868	2665.913231	868.9210248	
2666.867854	876	2666.867854	871.9438421	
2667.822324	878	2667.822324	875.2652104	
2668.776639	879	2668.776639	878.8778029	
2669.7308	890	2669.7308	882.7511896	
2670.684806	888	2670.684806	886.8222521	
2671.638659	894	2671.638659	890.9853605	
2672.592357	900	2672.592357	895.0850931	
2673.545901	904	2673.545901	898.9158782	
2674.499291	902	2674.499291	902.2336783	
2675.452527	905	2675.452527	904.7831748	
2676.405609	901	2676.405609	906.3387165	
2677.358537	902	2677.358537	906.7496521	
2678.311311	900	2678.311311	905.9748926	
2679.263931	902	2679.263931	904.092869	
2680.216397	896	2680.216397	901.2826082	
2681.168709	900	2681.168709	897.7839725	
2682.120868	893	2682.120868	893.8522971	
2683.072872	893	2683.072872	889.7212615	
2684.024723	890	2684.024723	885.5808376	
2684.976419	887	2684.976419	881.5699942	
2685.927962	878	2685.927962	877.7798135	
2686.879352	877	2686.879352	874.2619651	
2687.830587	874	2687.830587	871.0386509	
2688.781669	869	2688.781669	868.1117524	
2689.732597	870	2689.732597	865.4702219	
2690.683371	862	2690.683371	863.0955633	
2691.633992	862	2691.633992	860.9656419	
2692.58446	859	2692.58446	859.0571826	
2693.534773	859	2693.534773	857.3473162	
2694.484933	855	2694.484933	855.8144641	
2695.43494	857	2695.43494	854.4387878	
2696.384793	850	2696.384793	853.2023605	
2697.334493	850	2697.334493	852.0891699	
2698.284039	853	2698.284039	851.0850254	
2699.233432	848	2699.233432	850.1774163	
2700.182671	849	2700.182671	849.3553485	
2701.131758	850	2701.131758	848.6091794	
2702.08069	848	2702.08069	847.9304589	
2703.02947	847	2703.02947	847.3117826	
2703.978096	845	2703.978096	846.7466595	
2704.926569	845	2704.926569	846.2293939	
2705.874889	846	2705.874889	845.7549823	
2706.823055	845	2706.823055	845.3190223	
2707.771069	846	2707.771069	844.9176347	
2708.718929	843	2708.718929	844.5473946	
2709.666636	842	2709.666636	844.2052733	
2710.61419	843	2710.61419	843.8885869	
2711.561591	841	2711.561591	843.5949524	
2712.508839	841	2712.508839	843.3222504	
2713.455934	842	2713.455934	843.0685914	
2714.402876	841	2714.402876	842.8322884	
2715.349665	842	2715.349665	842.6118318	
2716.296301	840	2716.296301	842.4058683	
2717.242784	842	2717.242784	842.2131825	
2718.189114	842	2718.189114	842.0326809	
2719.135292	841	2719.135292	841.8633775	
2720.081316	840	2720.081316	841.7043824	
2721.027188	841	2721.027188	841.5548901	
2721.972907	841	2721.972907	841.4141712	
2722.918473	842	2722.918473	841.2815634	
2723.863887	844	2723.863887	841.1564649	
2724.809148	841	2724.809148	841.0383277	
2725.754256	839	2725.754256	840.926652	
2726.699212	840	2726.699212	840.8209814	
2727.644015	839	2727.644015	840.7208987	
2728.588665	839	2728.588665	840.6260216	
2729.533163	838	2729.533163	840.5359996	
2730.477508	839	2730.477508	840.4505108	
2731.421701	839	2731.421701	840.3692594	
2732.365741	839	2732.365741	840.2919727	
2733.309629	840	2733.309629	840.2183997	
2734.253365	840	2734.253365	840.1483085	
2735.196948	840	2735.196948	840.081485	
2736.140378	839	2736.140378	840.0177309	
2737.083657	839	2737.083657	839.9568628	
2738.026782	840	2738.026782	839.8987106	
2738.969756	841	2738.969756	839.8431165	
2739.912578	840	2739.912578	839.7899337	
2740.855247	839	2740.855247	839.7390258	
2741.797764	839	2741.797764	839.6902659	
2742.740128	841	2742.740128	839.6435357	
2743.682341	840	2743.682341	839.5987249	
2744.624402	839	2744.624402	839.5557305	
2745.56631	839	2745.56631	839.5144562	
2746.508066	840	2746.508066	839.474812	
2747.44967	840	2747.44967	839.4367138	
2748.391123	839	2748.391123	839.4000827	
2749.332423	840	2749.332423	839.3648447	
2750.273571	837	2750.273571	839.3309305	
2751.214567	838	2751.214567	839.2982749	
2752.155411	839	2752.155411	839.2668167	
2753.096104	837	2753.096104	839.2364984	
2754.036644	838	2754.036644	839.2072659	
2754.977033	840	2754.977033	839.179068	
2755.91727	840	2755.91727	839.1518569	
2756.857355	838	2756.857355	839.1255871	
2757.797288	839	2757.797288	839.100216	
2758.73707	840	2758.73707	839.0757032	
2759.6767	839	2759.6767	839.0520105	
2760.616178	840	2760.616178	839.0291019	
2761.555504	838	2761.555504	839.0069433	
2762.494679	840	2762.494679	838.9855025	
2763.433702	838	2763.433702	838.9647489	
2764.372574	840	2764.372574	838.9446535	
2765.311294	839	2765.311294	838.9251888	
2766.249863	838	2766.249863	838.9063289	
2767.18828	839	2767.18828	838.888049	
2768.126545	841	2768.126545	838.8703256	
2769.064659	838	2769.064659	838.8531365	
2770.002622	838	2770.002622	838.8364604	
2770.940433	839	2770.940433	838.8202772	
2771.878093	838	2771.878093	838.8045677	
2772.815602	838	2772.815602	838.7893136	
2773.752959	838	2773.752959	838.7744975	
2774.690165	840	2774.690165	838.7601029	
2775.62722	838	2775.62722	838.746114	
2776.564123	839	2776.564123	838.7325156	
2777.500875	840	2777.500875	838.7192935	
2778.437476	838	2778.437476	838.7064339	
2779.373926	838	2779.373926	838.6939236	
2780.310225	839	2780.310225	838.6817502	
2781.246372	840	2781.246372	838.6699017	
2782.182369	839	2782.182369	838.6583667	
2783.118214	839	2783.118214	838.6471342	
2784.053909	840	2784.053909	838.6361937	
2784.989452	839	2784.989452	838.6255353	
2785.924845	840	2785.924845	838.6151493	
2786.860086	838	2786.860086	838.6050265	
2787.795176	839	2787.795176	838.5951581	
2788.730116	838	2788.730116	838.5855357	
2789.664905	839	2789.664905	838.5761512	
2790.599543	839	2790.599543	838.5669968	
2791.53403	839	2791.53403	838.5580651	
2792.468366	838	2792.468366	838.5493489	
2793.402551	837	2793.402551	838.5408413	
2794.336586	839	2794.336586	838.5325357	
2795.27047	839	2795.27047	838.5244259	
2796.204203	840	2796.204203	838.5165056	
2797.137786	841	2797.137786	838.5087691	
2798.071218	837	2798.071218	838.5012106	
2799.004499	840	2799.004499	838.4938249	
2799.93763	840	2799.93763	838.4866066	
2800.87061	839	2800.87061	838.4795507	
2801.80344	839	2801.80344	838.4726525	
2802.736119	839	2802.736119	838.4659072	
2803.668648	838	2803.668648	838.4593103	
2804.601026	840	2804.601026	838.4528576	
2805.533253	838	2805.533253	838.4465449	
2806.465331	839	2806.465331	838.4403681	
2807.397258	841	2807.397258	838.4343234	
2808.329034	839	2808.329034	838.4284071	
2809.260661	841	2809.260661	838.4226154	
2810.192136	838	2810.192136	838.416945	
2811.123462	839	2811.123462	838.4113926	
2812.054638	841	2812.054638	838.4059547	
2812.985663	838	2812.985663	838.4006284	
2813.916538	838	2813.916538	838.3954105	
2814.847262	838	2814.847262	838.3902982	
2815.777837	840	2815.777837	838.3852887	
2816.708262	839	2816.708262	838.3803791	
2817.638536	837	2817.638536	838.3755668	
2818.56866	838	2818.56866	838.3708494	
2819.498635	838	2819.498635	838.3662243	
2820.428459	838	2820.428459	838.3616891	
2821.358133	838	2821.358133	838.3572415	
2822.287657	839	2822.287657	838.3528793	
2823.217032	841	2823.217032	838.3486002	
2824.146256	838	2824.146256	838.3444023	
2825.075331	837	2825.075331	838.3402834	
2826.004255	837	2826.004255	838.3362416	
2826.93303	838	2826.93303	838.3322749	
2827.861655	840	2827.861655	838.3283816	
2828.79013	838	2828.79013	838.3245598	
2829.718456	840	2829.718456	838.3208077	
2830.646631	838	2830.646631	838.3171237	
2831.574657	838	2831.574657	838.3135062	
2832.502534	839	2832.502534	838.3099536	
2833.43026	839	2833.43026	838.3064642	
2834.357837	839	2834.357837	838.3030367	
2835.285265	838	2835.285265	838.2996695	
2836.212542	839	2836.212542	838.2963613	
2837.139671	839	2837.139671	838.2931107	
2838.066649	840	2838.066649	838.2899163	
2838.993479	841	2838.993479	838.2867769	
2839.920158	838	2839.920158	838.2836912	
2840.846689	839	2840.846689	838.280658	
2841.773069	839	2841.773069	838.2776761	
2842.699301	839	2842.699301	838.2747444	
2843.625383	839	2843.625383	838.2718617	
2844.551316	838	2844.551316	838.2690269	
2845.477099	839	2845.477099	nan	
2846.402733	838	2846.402733	nan	
2847.328218	839	2847.328218	nan	
2848.253554	838	2848.253554	nan	
2849.17874	840	2849.17874	nan	
2850.103777	839	2850.103777	nan	
2851.028665	840	2851.028665	nan	
2851.953404	841	2851.953404	nan	
2852.877993	838	2852.877993	nan	
2853.802434	837	2853.802434	nan	
2854.726726	838	2854.726726	nan	
2855.650868	837	2855.650868	nan	
2856.574862	838	2856.574862	nan	
2857.498706	840	2857.498706	nan	
2858.422401	840	2858.422401	nan	
2859.345948	841	2859.345948	nan	
2860.269346	839	2860.269346	nan	
2861.192594	838	2861.192594	nan	
2862.115694	839	2862.115694	nan	
2863.038645	839	2863.038645	nan	
2863.961448	839	2863.961448	nan	
2864.884101	839	2864.884101	nan	
2865.806606	839	2865.806606	nan	
2866.728962	840	2866.728962	nan	
2867.651169	841	2867.651169	nan	
2868.573228	839	2868.573228	nan	
2869.495137	839	2869.495137	nan	
2870.416899	841	2870.416899	nan	
2871.338511	840	2871.338511	nan	
2872.259976	840	2872.259976	nan	
2873.181291	838	2873.181291	nan	
2874.102458	839	2874.102458	nan	
2875.023477	841	2875.023477	nan	
2875.944347	840	2875.944347	nan	
2876.865068	840	2876.865068	nan	
2877.785641	838	2877.785641	nan	
2878.706066	840	2878.706066	nan	
2879.626342	838	2879.626342	nan	
2880.54647	839	2880.54647	nan	
2881.46645	841	2881.46645	nan	
2882.386281	839	2882.386281	nan	
2883.305964	839	2883.305964	nan	
2884.225499	838	2884.225499	nan	
