G-peak omega	2D-peak omega
1577.169704	2667.215871	
1577.280147	2672.429573	
1580.749214	2679.274297	
1581.592861	2681.620149	
1583.034736	2682.820286	
1582.075747	2681.3151	
1578.258154	2677.75357	
1576.618202	2674.950691	
1579.029444	2676.80972	
1583.012859	2678.656567	
1584.90654	2682.746247	
1586.01194	2682.917105	
1586.056892	2683.514633	
1586.180528	2683.799331	
1586.127098	2683.33575	
1585.754094	2682.866897	
1584.869721	2682.517969	
1584.534673	2681.30196	
1578.242994	2672.601854	
1577.783616	2672.441177	
1580.181984	2675.263874	
1582.094683	2681.459133	
1582.341329	2682.667984	
1581.583159	2682.439935	
1580.87891	2680.87306	
1580.256639	2679.823736	
1579.660696	2678.166996	
1580.583133	2681.444525	
1583.503909	2682.603657	
1584.950784	2684.68907	
1585.865767	2685.705123	
1586.485352	2685.914433	
1586.756297	2685.648685	
1586.339015	2684.838701	
1585.94163	2683.625417	
1584.774413	2682.209913	
1583.50083	2680.174875	
1580.673287	2677.243037	
1579.215764	2680.371624	
1582.782724	2686.357764	
1587.647381	2695.225833	
1584.84927	2688.976003	
1583.206765	2685.384764	
1582.942906	2683.642887	
1581.373274	2682.139982	
1581.544897	2681.456702	
1580.561986	2681.097382	
1581.913015	2682.321679	
1581.663334	2684.421463	
1583.700644	2685.544294	
1585.458719	2687.410257	
1586.039522	2687.604353	
1586.623836	2687.254242	
1586.870052	2687.444965	
1586.146361	2685.365242	
1584.689767	2682.019787	
1579.509495	2677.408079	
1580.263063	2680.230575	
1582.962768	2686.575119	
1585.344943	2688.218502	
1589.477946	2698.27846	
1585.326833	2690.951815	
1583.681378	2686.26623	
1582.644256	2684.712416	
1582.044572	2683.1842	
1581.415401	2682.562709	
1581.200834	2682.163425	
1581.479692	2682.290373	
1582.180321	2683.80378	
1583.480305	2685.25504	
1583.488901	2686.158163	
1584.109422	2686.921719	
1585.318616	2687.028493	
1585.915909	2689.358612	
1586.405718	2690.022613	
1584.638876	2682.988026	
1472.365646	2678.845514	
1580.714915	2679.500678	
1579.173127	2680.477628	
1583.442484	2687.269677	
1583.024444	2685.145756	
1584.169179	2687.460153	
1584.435257	2686.322353	
1586.149344	2690.793307	
1583.564014	2687.732659	
1583.413665	2685.607383	
1582.349037	2683.581874	
1581.873594	2682.471062	
1580.846195	2682.541641	
1581.501373	2682.433011	
1581.660334	2682.531071	
1581.71631	2683.531127	
1582.479146	2684.051272	
1582.882944	2684.674451	
1582.592795	2685.311728	
1583.641459	2684.636192	
1583.805874	2685.829932	
1585.792361	2689.490529	
1583.385983	2683.922921	
1579.930995	2680.390829	
1581.040666	2680.296976	
1581.904607	2683.445244	
1585.139639	2690.397982	
1583.472821	2685.353691	
1581.780207	2682.815544	
1581.800008	2682.669152	
1582.174117	2682.578388	
1581.58593	2682.693615	
1581.599351	2682.649361	
1581.687756	2681.908474	
1581.400685	2681.829002	
1581.381888	2682.160422	
1581.120595	2681.979343	
1581.713581	2682.311691	
1581.374951	2682.987702	
1581.948438	2683.168738	
1582.492041	2683.127601	
1581.422735	2682.677483	
1581.468247	2681.582917	
1579.814261	2679.027528	
1580.548303	2679.495752	
1581.843267	2680.447121	
1581.297084	2680.638048	
1580.315783	2681.062012	
1581.751189	2682.128117	
1582.737221	2684.109407	
1582.853868	2686.104523	
1583.473138	2683.980237	
1581.707345	2682.01077	
1581.890192	2681.126538	
1579.388079	2677.923764	
1578.953925	2678.254868	
1579.575595	2678.987212	
1580.613826	2680.125002	
1580.693789	2680.891243	
1580.901795	2681.043101	
1581.240431	2681.452584	
1581.137029	2681.778842	
1581.581786	2682.156636	
1582.46051	2682.791766	
1581.861146	2682.387309	
1581.003879	2681.620892	
1580.316199	2679.589829	
1578.539898	2679.203719	
1581.591011	2680.436095	
1581.76155	2681.115816	
1581.07209	2681.79998	
1582.493103	2682.620334	
1583.561258	2684.030487	
1582.202932	2684.805681	
1582.570843	2684.784354	
1582.54726	2684.470672	
1582.956302	2684.284102	
1580.864972	2681.846263	
1578.35966	2676.930745	
1578.258145	2676.663394	
1579.831453	2678.3256	
1580.334889	2679.443157	
1580.238284	2679.586321	
1581.292607	2680.945165	
1581.588647	2681.376203	
1582.680106	2682.576413	
1582.776928	2682.674553	
1582.041123	2682.947437	
1582.001265	2682.070828	
1470.664003	2680.328849	
1579.168891	2679.526365	
1580.320585	2679.391817	
1580.837472	2680.671133	
1580.698889	2681.447587	
1581.915261	2682.328215	
1582.444296	2683.013585	
1582.627412	2684.17901	
1582.98645	2685.108999	
1583.154256	2685.442255	
1582.799025	2686.090144	
1584.597517	2686.994464	
1584.731453	2686.627781	
1581.362036	2683.577374	
1578.78831	2677.808085	
1579.584503	2677.292564	
1579.903897	2677.972291	
1579.889872	2679.039471	
1580.441598	2680.479618	
1581.568877	2681.313268	
1581.274471	2682.171968	
1582.36716	2682.885851	
1582.874243	2683.516606	
1595.520986	2685.182108	
1581.466927	2680.380761	
1579.489421	2679.678323	
1581.052331	2680.233099	
1581.045719	2681.351312	
1581.81222	2682.1095	
1582.683235	2682.824665	
1582.15251	2683.71848	
1583.250853	2684.7585	
1583.658319	2685.552918	
1583.740994	2685.956154	
1583.291162	2686.932171	
1584.704557	2687.581786	
1585.092431	2685.988625	
1584.026483	2684.116798	
1581.1507	2680.443067	
1579.80668	2678.660191	
1579.442197	2677.319746	
1580.390361	2678.346041	
1580.144142	2679.364721	
1581.391847	2680.716274	
1581.042964	2682.109132	
1582.239655	2683.492313	
1582.993717	2684.517317	
1581.106209	2682.436804	
1580.564427	2679.314304	
1580.503853	2679.668093	
1581.285983	2680.843828	
1581.60066	2681.912059	
1581.570248	2682.776312	
1582.870888	2683.575316	
1583.167512	2684.396313	
1583.167128	2685.404542	
1583.323964	2685.883211	
1583.277346	2686.254933	
1584.162494	2686.995272	
1584.220361	2686.407543	
1584.30359	2685.229076	
1584.028051	2683.223092	
1582.224244	2680.080341	
1582.464838	2682.244364	
1580.507234	2679.404831	
1579.882067	2679.437862	
1579.325878	2678.484345	
1580.630791	2679.953922	
1581.103152	2682.162404	
1580.43247	2678.204087	
1580.052126	2678.798464	
1580.221533	2678.155408	
1580.52927	2679.608996	
1580.92891	2681.272113	
1581.817869	2682.577375	
1582.063684	2683.761357	
1582.988889	2684.706702	
1583.382991	2685.287594	
1583.980622	2686.065423	
1583.515261	2686.27425	
1583.432368	2686.492561	
1584.706962	2686.567326	
1584.84675	2684.791933	
1584.719838	2684.976745	
1582.253618	2680.809928	
1581.200431	2677.699064	
1584.252767	2683.740309	
1582.892013	2683.300967	
1581.721181	2684.734812	
1580.047591	2682.650625	
1579.546245	2680.624611	
1581.815679	2682.089062	
1579.423225	2678.425551	
1580.706821	2678.61049	
1580.206569	2678.514685	
1580.347215	2678.865327	
1580.756267	2680.423952	
1582.218366	2682.216708	
1582.412421	2683.778498	
1583.108618	2685.232231	
1583.357675	2686.157052	
1583.904854	2686.605406	
1583.871112	2687.020328	
1583.842804	2686.614857	
1583.820264	2686.388345	
1584.147835	2685.111238	
1584.11621	2683.863188	
1585.528522	2686.490301	
1581.913166	2679.832305	
1582.552938	2682.730243	
1584.448491	2684.186037	
1584.261815	2683.432356	
1583.194069	2683.652484	
1582.500491	2684.588331	
1580.372017	2684.567782	
1581.90989	2684.63479	
1578.495133	2679.380065	
1579.863868	2679.406408	
1580.922507	2679.452184	
1580.341001	2679.583923	
1580.961923	2680.596964	
1581.194539	2681.861825	
1582.277817	2683.436305	
1582.296325	2685.079	
1583.6099	2686.811822	
1584.330411	2688.086818	
1584.293838	2688.583915	
1584.43887	2688.144427	
1584.175209	2687.061763	
1583.087161	2686.023187	
1582.500236	2681.60254	
1583.299871	2681.53153	
1582.059618	2681.191733	
1583.581268	2683.29243	
1585.321237	2685.329225	
1585.018088	2684.422742	
1584.003742	2682.705594	
1583.52401	2682.582117	
1583.286862	2682.949357	
1582.07357	2684.936596	
1582.013506	2687.895975	
1581.476759	2692.258848	
1580.295527	2680.130883	
1580.767188	2679.768847	
1580.199959	2679.978008	
1581.063695	2680.356739	
1581.143226	2680.885944	
1581.00467	2681.971951	
1582.123366	2683.321382	
1582.630751	2684.891553	
1583.241406	2686.507489	
1584.653331	2688.610015	
1585.534335	2690.861313	
1585.842392	2691.878488	
1585.330728	2690.083316	
1584.552792	2687.311185	
1582.595922	2684.936649	
1581.426557	2678.329343	
1581.69669	2677.597152	
1581.28148	2678.673155	
1584.069808	2683.063314	
1584.331356	2683.039751	
1583.843916	2682.791136	
1583.052415	2681.121915	
1582.370575	2680.515126	
1582.10575	2680.416833	
1581.61936	2680.563598	
1581.788695	2688.445019	
1580.944075	2692.653784	
1469.057691	2681.158451	
1580.18181	2680.170585	
1580.426461	2680.332447	
1580.891578	2680.511978	
1580.67036	2680.809666	
1581.587852	2681.198193	
1581.447144	2681.816631	
1581.675602	2682.934537	
1583.069714	2684.273169	
1582.851677	2685.566455	
1583.753693	2687.42916	
1585.296752	2689.846934	
1586.80413	2693.230309	
1588.66265	2696.836064	
1585.07966	2690.039651	
1582.889394	2685.474803	
1580.704215	2680.153437	
1580.799012	2676.604835	
1581.004482	2676.94249	
1582.449164	2681.170998	
1583.258022	2681.262694	
1582.649631	2680.915116	
1582.928524	2680.947098	
1581.566831	2678.966546	
1581.101454	2678.766251	
1581.288316	2678.311718	
1580.540755	2679.641677	
1581.485587	2688.096513	
1583.511832	2677.80817	
1581.593952	2680.15309	
1580.188941	2680.333073	
1580.852009	2680.547816	
1581.048659	2680.881637	
1580.521148	2681.45148	
1581.541409	2682.157611	
1581.551046	2682.411847	
1582.191291	2683.329828	
1582.996135	2684.978463	
1583.368635	2686.118676	
1583.969552	2687.654316	
1585.107247	2690.099351	
1586.707034	2692.86864	
1588.116568	2696.14141	
1584.165933	2687.977771	
1581.453359	2682.850677	
1580.242897	2676.02374	
1580.662627	2676.177575	
1581.485873	2678.597403	
1582.325809	2680.350895	
1582.928041	2681.183909	
1582.659243	2680.074549	
1581.595559	2679.045862	
1580.494536	2677.307071	
1580.283168	2676.248818	
1580.573183	2676.571815	
1580.845188	2686.202197	
1573.705837	2673.210227	
1579.198048	2677.502168	
1580.154594	2679.542954	
1580.258486	2680.700913	
1580.960119	2681.117007	
1581.046785	2681.083483	
1581.048091	2681.432451	
1581.817812	2682.199723	
1581.935367	2682.88979	
1582.285759	2683.635151	
1582.852807	2684.067528	
1583.599353	2685.82251	
1583.43491	2687.181488	
1584.840006	2688.699611	
1585.185913	2690.315679	
1585.653864	2690.549687	
1584.376559	2687.551835	
1582.32874	2683.871951	
1581.755538	2678.307785	
1581.627478	2679.08453	
1582.03811	2679.57254	
1583.596647	2681.332708	
1583.435305	2682.333184	
1582.244743	2680.382093	
1581.428624	2678.214015	
1579.972595	2676.195549	
1579.642158	2674.027065	
1580.031977	2674.88229	
1580.571863	2686.241908	
1573.261779	2670.419374	
1578.226211	2673.492646	
1580.340225	2679.086043	
1580.746674	2679.499433	
1581.380141	2681.075586	
1580.867548	2681.551266	
1581.858198	2681.391135	
1581.427381	2681.745486	
1581.846101	2682.67728	
1581.572205	2683.08817	
1582.529476	2683.614532	
1582.537488	2681.467751	
1583.136449	2684.907255	
1582.704579	2686.187937	
1583.700146	2686.950202	
1583.993541	2687.975811	
1584.47529	2688.083267	
1583.6491	2687.442479	
1583.087667	2685.495477	
1582.929903	2683.151657	
1583.056007	2683.906752	
1583.883657	2683.460718	
1584.638187	2683.761256	
1584.296969	2684.357475	
1583.530991	2681.192005	
1581.637613	2678.322038	
1579.972129	2675.5562	
1578.919128	2672.409234	
1579.723477	2676.29726	
1579.556503	2673.763979	
1577.392084	2673.686336	
1582.757074	2681.844513	
1582.328808	2683.78038	
1581.818704	2682.65897	
1581.776433	2681.543571	
1581.165137	2681.926235	
1581.960253	2682.085709	
1581.567484	2682.294392	
1582.000615	2682.791537	
1581.927203	2683.456712	
1582.357719	2683.80357	
1583.662639	2682.655584	
1582.819914	2684.231265	
1582.653159	2685.2066	
1583.414945	2685.827328	
1583.146785	2686.23144	
1583.603167	2686.909263	
1582.950392	2686.385121	
1583.286977	2685.86949	
1583.952811	2686.888857	
1584.429477	2688.493251	
1585.781016	2690.177297	
1585.785141	2689.173404	
1585.107318	2686.436797	
1583.344577	2681.97702	
1581.746907	2678.72674	
1579.842507	2675.574405	
1579.694237	2672.560163	
1579.726816	2677.973168	
1580.555344	2683.90286	
1583.032672	2684.021251	
1583.023812	2683.807214	
1581.8405	2685.617168	
1582.464583	2684.962261	
1580.210155	2674.910949	
1578.525588	2675.666879	
1579.681988	2678.245468	
1584.291514	2687.535407	
1584.239955	2686.753132	
1581.668089	2683.118267	
1581.60191	2681.680638	
1581.444067	2682.137191	
1582.066601	2682.512908	
1581.611778	2682.560115	
1582.207014	2682.821687	
1582.313854	2683.586657	
1582.740665	2683.64506	
1582.376048	2684.548511	
1582.880422	2684.924968	
1582.553774	2684.9497	
1582.34101	2685.021892	
1581.642076	2682.880098	
1583.084043	2685.161988	
1583.670191	2687.053935	
1585.13072	2689.138378	
1586.555541	2692.183762	
1587.075404	2693.385601	
1585.446345	2688.384006	
1583.635399	2682.699088	
1582.671283	2680.638776	
1580.499574	2677.290172	
1580.873066	2673.485098	
1472.29292	2683.739806	
1499.409484	2684.826216	
1579.816312	2684.106702	
1582.115946	2684.452884	
1582.95593	2683.566711	
1583.196349	2684.309106	
1582.749221	2683.488597	
1582.436071	2684.483358	
1580.516661	2683.328051	
1585.754871	2678.71404	
1580.228673	2678.333328	
1579.338066	2676.24515	
1578.603839	2675.931043	
1580.267201	2680.49442	
1583.256322	2684.666956	
1583.24907	2685.082307	
1580.946729	2681.182109	
1581.36107	2681.450745	
1581.859592	2682.314084	
1582.106732	2682.818676	
1581.675305	2682.674548	
1582.555184	2682.930229	
1583.138894	2683.621994	
1582.556782	2683.095558	
1582.795939	2683.893693	
1582.356858	2684.063555	
1582.331513	2683.994191	
1581.571557	2684.076751	
1582.856974	2685.85314	
1582.485607	2683.707333	
1583.580207	2686.496634	
1583.682643	2687.770856	
1585.126387	2689.768447	
1585.41177	2690.714984	
1585.177984	2688.545474	
1583.744297	2684.417869	
1583.011465	2683.61371	
1582.002971	2680.003137	
1468.789874	2684.998528	
1582.55524	2683.856515	
1581.644761	2683.402323	
1581.924627	2683.442494	
1582.970401	2683.401618	
1582.682566	2684.154441	
1583.844337	2684.889957	
1583.148383	2685.386643	
1583.130987	2685.769318	
1583.033582	2684.988951	
1582.661856	2685.989213	
1583.998436	2686.129964	
1580.220692	2680.459891	
1579.818142	2679.84027	
1580.085468	2678.964612	
1580.351302	2678.36526	
1579.291102	2677.494351	
1581.20297	2680.585308	
1582.253182	2682.582034	
1582.506096	2683.969037	
1581.99885	2683.285225	
1582.760501	2682.099152	
1581.404625	2682.733716	
1581.298551	2682.276756	
1581.687485	2682.465738	
1581.890391	2682.760606	
1582.057601	2683.767492	
1582.913188	2684.021383	
1582.734365	2683.854997	
1582.359341	2682.753196	
1582.560022	2683.596619	
1581.762479	2683.051608	
1582.285532	2683.102515	
1582.106411	2683.733534	
1582.060794	2683.988444	
1581.809919	2682.738097	
1583.018621	2685.409424	
1583.070497	2685.801495	
1583.21101	2686.700879	
1584.064287	2687.250452	
1584.093989	2685.38231	
1582.952556	2683.675451	
1581.369708	2678.566602	
1580.835823	2677.999681	
1584.113054	2683.898973	
1583.031646	2683.74953	
1581.755145	2683.619957	
1581.776738	2683.892171	
1582.535878	2684.188358	
1582.873037	2685.367167	
1583.652938	2685.473398	
1583.350047	2684.661537	
1582.637699	2686.160154	
1583.308184	2686.95812	
1582.441808	2686.122374	
1585.687482	2691.456509	
1582.799642	2687.47271	
1583.282972	2687.238974	
1584.665982	2689.115292	
1579.912644	2682.174478	
1581.179425	2681.322166	
1580.675615	2680.732741	
1580.129596	2680.442947	
1581.164169	2680.34448	
1580.808823	2680.408103	
1580.481013	2680.277604	
1581.134589	2681.186208	
1581.937489	2682.618097	
1582.181422	2683.546607	
1582.699888	2684.695054	
1582.136351	2683.261117	
1580.554635	2680.927633	
1580.784663	2680.931478	
1581.740557	2681.804919	
1581.882792	2683.11116	
1582.05953	2684.261082	
1582.757483	2684.365702	
1582.348843	2684.437365	
1582.541741	2682.497266	
1582.004917	2683.26044	
1581.340431	2682.221545	
1581.78562	2681.866574	
1581.48826	2682.40308	
1581.345598	2682.326053	
1581.463967	2681.900807	
1581.71923	2682.689882	
1582.048901	2683.211885	
1581.931469	2684.354168	
1581.658763	2683.761923	
1581.815952	2680.983168	
1580.304578	2676.827299	
1580.235732	2674.713612	
1582.428071	2682.077109	
1582.937396	2684.28284	
1582.917725	2684.181687	
1581.91942	2684.474325	
1581.604289	2684.158267	
1582.186306	2684.567386	
1582.864764	2684.834551	
1583.749196	2685.420971	
1583.183949	2685.383812	
1584.044974	2686.783141	
1583.680041	2688.668601	
1583.980841	2690.218921	
1585.22941	2691.219955	
1581.565329	2686.50569	
1582.873769	2686.815945	
1583.844463	2686.267139	
1582.949272	2683.048157	
1585.218071	2687.775353	
1586.385553	2692.107535	
1588.541215	2689.962637	
1583.043184	2691.521369	
1582.838422	2683.755669	
1582.375249	2681.384542	
1581.391622	2681.920125	
1581.342727	2681.594616	
1580.802005	2681.058979	
1581.343949	2681.168358	
1580.552125	2681.516291	
1581.156976	2681.654982	
1581.138687	2682.142763	
1581.307622	2682.537055	
1582.347247	2683.404354	
1581.843849	2683.308324	
1581.420881	2682.293266	
1579.996924	2678.908772	
1579.91714	2679.190426	
1581.282165	2681.041409	
1582.188907	2683.651503	
1583.241887	2685.360848	
1582.998358	2685.251959	
1582.278854	2684.304845	
1581.89576	2681.033963	
1581.512842	2682.537933	
1581.157415	2681.930159	
1581.22237	2680.884432	
1581.339401	2681.195811	
1580.559496	2680.742803	
1580.464087	2679.798885	
1580.070749	2678.88544	
1580.192879	2679.23018	
1580.751572	2683.54079	
1577.654651	2679.40232	
1579.283643	2675.562117	
1579.19553	2671.721692	
1581.010017	2680.654486	
1582.760215	2680.764859	
1582.673932	2681.742987	
1583.641722	2685.103822	
1582.582271	2684.619612	
1582.109795	2684.568167	
1582.85828	2684.577021	
1582.24383	2685.016443	
1583.077867	2685.492168	
1583.624705	2686.287251	
1583.18841	2687.122191	
1584.536617	2687.815337	
1584.249697	2688.14213	
1584.888809	2690.524816	
1584.609006	2689.07659	
1581.392565	2684.732898	
1582.681341	2684.56715	
1584.49249	2685.799106	
1582.830102	2682.343372	
1584.297607	2686.91649	
1584.910579	2690.296213	
1585.745263	2689.503214	
1585.036829	2691.50714	
1586.043901	2690.117715	
1582.783275	2684.615	
1582.383118	2684.10134	
1582.328267	2682.667716	
1581.905711	2682.681079	
1581.728572	2682.490533	
1580.951877	2682.024297	
1581.397578	2681.772513	
1581.362772	2682.118105	
1581.349913	2681.914393	
1581.741523	2681.491576	
1581.074961	2682.168986	
1582.282946	2682.795367	
1582.036253	2682.558138	
1581.403132	2682.260556	
1580.825237	2681.124626	
1581.697674	2681.861704	
1579.92322	2679.948166	
1582.606892	2684.444884	
1584.245916	2688.719101	
1583.866702	2686.851304	
1582.416824	2684.237375	
1581.679269	2680.742465	
1581.388029	2681.632343	
1581.125186	2682.001265	
1580.877089	2680.563829	
1580.601051	2680.166092	
1580.197889	2679.714166	
1580.061676	2678.167519	
1579.31496	2676.239469	
1579.920086	2677.963481	
1580.593992	2682.5613	
1578.453511	2677.231721	
1578.924957	2672.590889	
1579.538614	2675.804233	
1581.252189	2681.454124	
1583.062733	2681.239922	
1582.7062	2682.352165	
1583.347793	2684.483786	
1582.741073	2684.657987	
1582.446546	2684.387331	
1582.813931	2684.626842	
1582.965418	2685.244669	
1583.91385	2686.044653	
1583.442927	2686.772873	
1583.07006	2687.501131	
1583.773713	2687.185071	
1583.712221	2687.609449	
1583.531612	2687.05787	
1584.161702	2687.077069	
1582.944645	2685.811179	
1583.489293	2685.67795	
1584.412313	2686.516325	
1583.251414	2684.995412	
1583.769938	2685.608168	
1583.635036	2687.181032	
1583.295027	2685.548411	
1583.635073	2687.136034	
1583.334264	2687.097023	
1584.805939	2689.764831	
1585.219795	2689.247143	
1584.880638	2689.343484	
1585.142297	2689.839577	
1584.203029	2688.241412	
1583.596761	2686.088264	
1583.516648	2685.110375	
1582.555195	2684.314271	
1581.74136	2685.315544	
1584.714346	2686.739368	
1582.946243	2686.64729	
1583.752218	2685.485736	
1582.859692	2684.986202	
1582.303369	2684.227312	
1582.26785	2683.527002	
1581.802527	2683.120404	
1581.527277	2681.914498	
1581.434476	2682.114362	
1582.007392	2682.436668	
1581.746071	2682.091967	
1581.393454	2681.07246	
1581.588001	2679.490732	
1581.283106	2681.9742	
1581.863965	2682.500163	
1581.988191	2682.109752	
1581.646464	2683.087555	
1582.519603	2683.513729	
1583.831729	2686.260677	
1580.694044	2681.037469	
1579.45816	2684.087387	
1583.664772	2689.795999	
1582.973388	2686.64387	
1581.517128	2684.057152	
1582.689469	2681.633011	
1581.460955	2681.957506	
1580.857734	2681.308185	
1580.68427	2680.129095	
1580.672114	2679.768427	
1580.464591	2679.493907	
1580.429191	2678.657014	
1581.780298	2682.752182	
1580.150994	2679.788322	
1583.139971	2683.030354	
1581.72115	2677.800082	
1582.624018	2683.807858	
1583.377824	2683.593038	
1583.275859	2683.853888	
1582.818798	2685.187672	
1583.007295	2684.871198	
1583.170446	2684.810984	
1582.100999	2684.56285	
1583.575468	2684.718823	
1583.329927	2685.201161	
1583.502405	2686.05288	
1583.577487	2686.67705	
1582.57586	2686.004134	
1584.394476	2686.652456	
1583.51664	2687.254521	
1583.131398	2686.948938	
1583.161506	2686.081339	
1583.588364	2686.405285	
1583.52738	2686.512425	
1583.177227	2686.830533	
1583.11237	2686.401746	
1583.435792	2685.834623	
1583.261119	2685.677819	
1582.907498	2683.988976	
1582.535093	2685.03447	
1583.357689	2685.142754	
1583.289242	2686.470203	
1583.315	2686.647954	
1583.808864	2687.894993	
1584.379245	2688.109451	
1583.785393	2688.354005	
1583.233558	2686.43013	
1583.827044	2685.788659	
1582.797806	2684.842395	
1583.220825	2685.489496	
1583.116272	2686.490338	
1583.240054	2685.760898	
1583.367401	2685.537092	
1582.636245	2684.698018	
1582.488964	2683.87723	
1582.695017	2684.058587	
1581.724026	2682.482299	
1581.580823	2679.832281	
1581.751695	2682.272556	
1581.915997	2682.437297	
1581.587781	2682.290197	
1581.49581	2679.545314	
1581.358963	2678.300694	
1581.51742	2682.214954	
1581.767879	2682.679446	
1581.431017	2682.46351	
1582.074436	2683.328496	
1582.512574	2684.391983	
1583.024691	2685.951151	
1582.181975	2684.262048	
1574.564557	2683.394273	
1579.363036	2680.906515	
1579.245803	2677.110488	
1579.312877	2677.580281	
1582.834848	2679.860172	
1580.858451	2680.420334	
1580.134718	2680.032413	
1581.326335	2680.539962	
1581.121353	2680.728844	
1580.682531	2680.847842	
1581.487574	2680.754192	
1583.634366	2684.913971	
1583.502516	2684.879834	
1583.514422	2682.934171	
1580.93934	2677.296363	
1582.949824	2684.068559	
1582.226179	2683.897746	
1583.70346	2684.893849	
1583.337381	2685.090538	
1582.677262	2685.773975	
1583.385036	2685.348773	
1583.124659	2685.154646	
1582.596685	2684.937433	
1583.449967	2684.811827	
1583.239339	2685.344122	
1583.445237	2685.117959	
1582.805221	2685.67034	
1583.204472	2686.492273	
1583.892239	2687.118776	
1583.707157	2686.667335	
1583.556527	2686.274199	
1583.14012	2686.008134	
1583.360483	2686.284328	
1583.11467	2686.401741	
1583.724409	2686.395578	
1583.3651	2686.326907	
1583.178957	2685.981652	
1583.075854	2685.395275	
1583.494955	2685.843919	
1583.259239	2687.42488	
1583.888075	2685.681582	
1582.926594	2684.040505	
1582.435748	2684.525766	
1583.171633	2686.498786	
1584.247505	2688.219449	
1584.766994	2689.124485	
1583.071776	2686.415981	
1583.862325	2686.080035	
1583.17963	2686.124392	
1583.375702	2685.688263	
1582.906305	2686.050005	
1582.88879	2683.397831	
1583.264723	2684.997435	
1582.13719	2684.450735	
1582.149688	2684.075359	
1582.133473	2684.45209	
1582.137182	2682.661719	
1581.406152	2681.371464	
1581.937261	2682.798206	
1582.39424	2682.843084	
1582.123857	2683.089482	
1581.861113	2680.886471	
1581.394739	2680.989244	
1581.977537	2682.834335	
1582.298671	2683.132667	
1582.495576	2683.263285	
1582.384971	2683.621543	
1582.765225	2684.458688	
1583.087624	2685.050021	
1582.930899	2685.121427	
1582.509021	2685.660546	
1584.136846	2688.882914	
1581.282632	2682.277487	
1579.293219	2674.2144	
1580.470815	2677.937735	
1578.814366	2675.93563	
1580.357567	2680.131096	
1581.744747	2682.215906	
1582.464218	2682.858106	
1581.685751	2682.773886	
1582.220736	2682.477553	
1582.438955	2682.984598	
1583.010661	2683.673402	
1582.591189	2679.660528	
1580.063507	2676.431786	
1576.096671	2684.629905	
1582.747804	2684.285928	
1582.313548	2684.265878	
1582.8445	2684.168006	
1583.399362	2684.735163	
1582.956791	2684.832908	
1582.117977	2685.103322	
1583.126139	2685.076773	
1583.110994	2685.168921	
1582.849387	2685.066962	
1583.414422	2684.878907	
1583.362027	2685.22615	
1582.583562	2684.890229	
1583.162373	2685.704582	
1582.99117	2686.346789	
1583.468723	2686.667186	
1583.232482	2686.363328	
1583.90327	2685.973544	
1583.089134	2686.106687	
1583.282	2686.147281	
1583.26852	2686.039347	
1583.91208	2685.904514	
1583.437426	2686.332588	
1583.574325	2686.423954	
1583.829511	2686.238077	
1583.940007	2687.378593	
1583.739408	2687.563643	
1583.426226	2687.22108	
1583.510691	2687.038106	
1583.602752	2687.137835	
1583.687833	2687.151751	
1584.403571	2687.680621	
1585.134023	2689.009401	
1584.819823	2688.291323	
1584.497231	2688.02673	
1584.034219	2687.555941	
1583.314139	2687.357933	
1583.838051	2687.168385	
1583.151225	2684.766572	
1583.062512	2685.444327	
1582.199524	2684.275888	
1581.515878	2684.011715	
1582.097971	2684.289289	
1581.914319	2683.71477	
1582.539218	2683.31344	
1582.166194	2683.24321	
1582.014141	2683.355869	
1582.323859	2683.50366	
1582.163116	2683.102508	
1582.036652	2683.316609	
1582.451611	2683.875005	
1582.764895	2683.775421	
1581.928773	2683.248418	
1582.320263	2683.713766	
1582.533409	2684.282329	
1582.507812	2684.81595	
1583.032676	2685.215606	
1583.736838	2686.5505	
1584.342221	2688.899495	
1585.292911	2691.318673	
1584.800086	2691.075876	
1581.663432	2682.048241	
1578.234319	2674.993449	
1581.030276	2681.204733	
1583.816728	2686.521848	
1583.822984	2685.90937	
1582.420636	2684.623905	
1582.16629	2683.497862	
1581.50288	2681.745177	
1581.444212	2680.912186	
1581.295234	2677.755124	
1577.885325	2684.507825	
1582.456986	2685.187574	
1582.134101	2684.227611	
1582.730097	2684.418511	
1583.113719	2684.355374	
1582.497846	2684.73762	
1582.340146	2684.578505	
1582.61876	2684.683475	
1582.959792	2684.867327	
1582.891675	2684.966302	
1583.443549	2684.897137	
1582.867964	2685.183078	
1583.103032	2685.209486	
1582.558557	2685.42407	
1583.423664	2685.767334	
1582.890626	2686.07274	
1583.268578	2686.008025	
1583.209324	2686.024653	
1583.140129	2685.828338	
1582.933738	2685.897231	
1583.536866	2685.92603	
1583.414228	2686.080746	
1583.092939	2685.667665	
1583.529407	2685.724638	
1583.162579	2685.540154	
1583.790171	2686.478868	
1583.794392	2686.751238	
1583.76086	2687.222369	
1583.550444	2687.475093	
1583.879591	2687.637463	
1583.799799	2688.074711	
1583.850022	2687.772954	
1583.022315	2685.774517	
1584.189129	2687.340036	
1584.511594	2687.632606	
1585.590307	2689.553003	
1584.096769	2688.322133	
1583.961694	2688.778263	
1584.54042	2688.141344	
1583.329073	2686.528949	
1582.001825	2685.466915	
1582.120716	2684.405329	
1581.812665	2683.464561	
1581.993473	2684.012689	
1581.882102	2683.722572	
1581.760918	2683.677482	
1581.972734	2683.787438	
1582.290942	2683.731759	
1582.061047	2683.728902	
1582.128808	2683.788782	
1582.085855	2684.048645	
1582.391289	2684.793533	
1582.805471	2684.663457	
1582.511481	2683.616697	
1582.331408	2683.527903	
1582.153734	2683.33857	
1582.405655	2683.909449	
1582.604297	2684.765272	
1583.140951	2685.902664	
1583.050524	2687.228496	
1584.790822	2688.886252	
1583.209319	2687.199907	
1581.898728	2682.211369	
1579.82958	2677.653601	
1580.346308	2678.026164	
1584.379551	2689.278143	
1583.634387	2687.925563	
1582.769552	2685.59723	
1582.089504	2683.595213	
1580.824968	2679.075182	
1580.667332	2678.283981	
1582.949413	2685.222491	
1582.78452	2684.989148	
1582.120799	2684.23016	
1582.708736	2684.29658	
1582.918949	2684.28196	
1582.711559	2684.476229	
1582.732072	2684.693743	
1582.534205	2684.536493	
1582.582602	2684.869484	
1582.654249	2684.7515	
1582.62519	2685.026604	
1582.32996	2685.002374	
1582.499267	2685.12427	
1583.210628	2685.060017	
1583.357735	2685.462269	
1582.9492	2685.666126	
1583.176496	2685.803602	
1583.52258	2685.745874	
1583.428714	2685.63401	
1583.290751	2685.411727	
1583.114112	2685.320833	
1583.483158	2685.382513	
1582.851074	2685.358934	
1583.018288	2685.306153	
1582.863991	2683.117966	
1583.10247	2686.213994	
1583.223627	2686.390888	
1583.49055	2686.521366	
1583.727071	2686.983173	
1583.516193	2687.043753	
1583.635122	2687.260138	
1583.316191	2686.942074	
1582.892438	2686.490702	
1583.494325	2686.560721	
1583.945657	2687.038198	
1585.290862	2689.245075	
1583.529376	2688.186978	
1583.922767	2688.311969	
1584.162224	2687.877906	
1583.168328	2685.397852	
1582.247548	2684.75021	
1582.125195	2684.233677	
1582.674462	2684.569493	
1582.679321	2684.638115	
1582.073075	2683.607223	
1581.874661	2683.738649	
1581.707318	2683.612547	
1582.654649	2683.796027	
1582.003442	2683.210948	
1581.637808	2683.148154	
1582.066493	2684.078237	
1583.111815	2685.985187	
1582.511796	2685.520279	
1582.710787	2684.321908	
1582.620099	2683.185531	
1582.150373	2682.341793	
1581.799161	2682.913609	
1582.178495	2683.79134	
1581.826042	2682.916053	
1583.257872	2684.110832	
1583.387526	2685.193353	
1582.567901	2683.755934	
1581.278758	2680.56104	
1580.192692	2678.597216	
1578.928492	2675.717355	
1582.118509	2684.339061	
1583.031952	2687.431859	
1583.573961	2686.246664	
1581.889527	2682.72982	
1581.321726	2685.414338	
1582.688915	2685.158606	
1582.922373	2684.900173	
1582.692158	2684.740903	
1582.60271	2684.517857	
1582.303205	2684.471539	
1582.510742	2684.231109	
1582.720565	2684.534183	
1582.989014	2684.572236	
1582.577557	2684.358542	
1582.777363	2684.609896	
1582.562168	2684.632848	
1582.792738	2684.690667	
1582.186902	2684.600632	
1582.499487	2684.903554	
1582.829807	2684.915948	
1582.76193	2685.197708	
1582.61795	2685.05952	
1582.487603	2685.174972	
1583.390782	2685.400374	
1582.85501	2685.558099	
1583.057486	2684.750825	
1582.824691	2684.782995	
1583.331696	2684.195663	
1582.622086	2684.643888	
1583.198632	2685.147641	
1582.94771	2684.980366	
1582.961744	2685.810854	
1582.812354	2685.871719	
1583.270975	2686.205623	
1583.73662	2686.41185	
1583.687466	2686.485108	
1583.506357	2686.54337	
1583.323793	2686.481109	
1583.101372	2686.442664	
1583.393144	2686.450722	
1583.97888	2686.789835	
1584.375149	2687.460397	
1583.277702	2686.994298	
1583.310672	2686.612383	
1583.328825	2686.652718	
1582.299321	2683.871615	
1582.360784	2683.807713	
1581.655728	2683.34274	
1583.56103	2685.684923	
1582.921136	2685.215864	
1582.245684	2683.61498	
1582.034631	2682.725939	
1580.73119	2680.524949	
1581.785613	2683.063076	
1580.996632	2678.977133	
1580.966863	2680.508427	
1581.554362	2682.761423	
1582.052734	2686.03921	
1582.265975	2684.491914	
1581.553009	2683.612163	
1582.109048	2682.616818	
1581.406869	2682.29603	
1581.36467	2682.776382	
1581.631041	2682.339153	
1581.82733	2680.029863	
1581.229766	2678.763003	
1581.906476	2681.072761	
1581.440522	2680.499428	
1581.234124	2679.691563	
1580.205115	2679.572075	
1579.714099	2677.332857	
1580.951256	2681.004631	
1582.794235	2683.783974	
1582.695828	2685.753433	
1581.042576	2680.731205	
1582.231465	2685.099985	
1582.3531	2684.924112	
1583.342768	2684.924346	
1582.574957	2684.640739	
1583.553684	2684.621004	
1582.4626	2684.594523	
1582.586294	2684.305741	
1583.030878	2684.455473	
1582.436696	2684.304106	
1582.718096	2684.485474	
1582.96223	2684.599686	
1582.592398	2684.51022	
1582.715132	2684.448102	
1582.521543	2684.214336	
1582.490373	2684.511051	
1582.744793	2684.558333	
1582.696488	2684.985132	
1582.505487	2684.705272	
1582.877259	2684.754492	
1583.001043	2684.888351	
1582.085274	2684.731244	
1582.70483	2684.137255	
1582.674071	2684.328412	
1583.120954	2683.875598	
1582.59262	2683.8219	
1583.077648	2684.657561	
1582.818535	2685.042836	
1583.018332	2685.428769	
1583.373274	2685.254236	
1583.246574	2685.641533	
1583.214558	2685.802271	
1583.469225	2686.047599	
1583.374109	2685.823012	
1583.049329	2685.797927	
1583.269984	2685.85885	
1583.303856	2686.021479	
1584.100877	2685.998789	
1583.584497	2686.165679	
1583.227576	2685.993036	
1582.952517	2685.841706	
1582.885356	2685.318754	
1582.728231	2684.12164	
1582.577423	2683.321348	
1582.027615	2683.246193	
1583.368389	2685.913911	
1583.322505	2685.598657	
1582.28371	2684.1169	
1581.739011	2683.318546	
1580.739319	2681.309982	
1581.163844	2681.111122	
1579.941334	2676.169063	
1579.592074	2675.83685	
1580.005415	2678.894032	
1577.512413	2669.728662	
1580.310323	2677.380357	
1581.041091	2681.48712	
1581.570073	2681.498124	
1581.436349	2681.664745	
1581.841491	2681.924433	
1581.283375	2681.287574	
1581.386879	2678.811782	
1581.222004	2676.403746	
1581.124969	2677.695952	
1581.538994	2679.24637	
1581.573582	2680.70594	
1581.039722	2680.491503	
1580.715584	2680.995781	
1581.756349	2681.904373	
1582.787486	2681.435255	
1583.505382	2685.862763	
1584.140865	2685.25724	
1582.861966	2684.837554	
1582.507422	2684.922957	
1582.358252	2684.968934	
1582.878113	2684.683315	
1582.71133	2684.615213	
1582.5872	2684.646281	
1582.727473	2684.46453	
1582.451377	2684.203829	
1582.963086	2684.218928	
1582.462746	2684.187424	
1582.552261	2684.278806	
1582.599052	2684.22193	
1582.210556	2684.405151	
1582.662111	2684.193922	
1582.308225	2684.00078	
1582.515154	2684.058943	
1582.249935	2684.182856	
1582.512623	2684.483903	
1583.132894	2684.354225	
1581.78405	2684.248513	
1582.438121	2684.349454	
1582.69868	2684.266793	
1582.505823	2683.724905	
1582.688097	2683.781743	
1582.799826	2684.067954	
1582.736589	2683.944144	
1582.609706	2684.364971	
1582.329889	2684.864293	
1582.708174	2685.147233	
1582.806868	2684.67693	
1582.625654	2684.651994	
1582.231154	2684.95509	
1583.268729	2684.951287	
1583.071928	2685.144954	
1583.157551	2685.201209	
1582.903463	2685.227747	
1582.969895	2685.330216	
1583.079219	2685.476323	
1582.953713	2685.313201	
1582.815202	2685.257478	
1582.639012	2684.911406	
1582.67872	2684.385533	
1581.671791	2683.782563	
1582.816644	2683.687464	
1582.563852	2683.599343	
1582.990006	2685.164423	
1582.386341	2684.848762	
1582.053124	2684.436515	
1582.459343	2684.150187	
1582.36693	2684.272831	
1581.732273	2683.216115	
1581.515183	2682.432464	
1580.294101	2678.381239	
1580.330442	2679.658926	
1577.613369	2670.677997	
1579.171441	2674.250573	
1581.652837	2680.359635	
1581.571143	2681.590809	
1581.27168	2681.91281	
1582.063544	2681.970404	
1581.102749	2681.456366	
1581.28459	2680.08515	
1581.623088	2677.384137	
1580.893579	2678.12818	
1580.522316	2679.448506	
1580.79209	2680.905415	
1581.025405	2681.332542	
1580.89102	2682.368503	
1582.079707	2682.862319	
1580.852299	2677.563181	
1583.468357	2685.80961	
1582.573119	2685.150686	
1582.394777	2684.747381	
1582.530722	2684.899303	
1582.615797	2684.862866	
1582.753343	2684.578523	
1582.781754	2684.489968	
1582.611753	2684.361719	
1583.276882	2684.440406	
1582.61096	2684.175061	
1582.53415	2684.237954	
1582.599395	2683.946264	
1582.321559	2684.126501	
1582.198498	2684.064255	
1582.102635	2684.074405	
1582.525565	2684.025558	
1582.823358	2683.980016	
1581.894351	2683.956357	
1582.209089	2684.148948	
1582.38865	2684.362094	
1582.32468	2684.021642	
1582.823249	2684.095257	
1582.566612	2683.643672	
1582.763067	2683.634433	
1582.251731	2683.7991	
1582.3636	2683.839935	
1581.829004	2683.638825	
1582.485726	2683.955226	
1582.006817	2684.128577	
1582.672956	2684.409228	
1582.427726	2684.796685	
1582.797817	2683.922633	
1582.074473	2684.037666	
1582.273343	2684.338531	
1582.61581	2684.609722	
1582.513665	2684.887702	
1582.678132	2684.777087	
1583.328016	2684.594126	
1582.740981	2684.630243	
1582.700151	2684.912143	
1583.0379	2684.841956	
1582.600111	2684.554646	
1582.369439	2684.217458	
1582.393205	2683.797994	
1581.397768	2683.486413	
1581.813497	2683.670635	
1581.867795	2683.190983	
1581.913279	2683.154075	
1582.621574	2683.264248	
1582.134553	2683.888626	
1581.600408	2683.747151	
1582.040594	2684.107221	
1581.610802	2684.050245	
1582.482877	2683.660957	
1582.416765	2682.578008	
1583.377605	2685.00614	
1581.783088	2683.751403	
1581.009236	2680.290142	
1581.285678	2681.743601	
1581.587405	2682.361085	
1581.832728	2682.169906	
1581.716201	2682.219531	
1581.723888	2681.650162	
1581.459847	2680.083035	
1581.14393	2679.447648	
1580.685666	2679.083305	
1580.773312	2679.555311	
1580.7646	2680.4692	
1581.08166	2680.726442	
1580.823411	2681.656542	
1581.392216	2681.771939	
1581.007181	2676.980176	
1584.103924	2684.928325	
1582.465447	2685.082481	
1582.723289	2684.869145	
1582.571324	2685.046633	
1582.910083	2684.752437	
1582.897171	2684.747012	
1582.456577	2684.537558	
1582.751457	2684.445676	
1582.931643	2684.268974	
1582.539553	2684.296454	
1582.513198	2684.086956	
1582.386363	2684.073717	
1582.213094	2683.933372	
1582.752906	2683.731713	
1582.527392	2683.834172	
1581.928962	2683.802475	
1582.041103	2683.705428	
1582.113043	2683.667667	
1581.826464	2683.585764	
1582.106702	2683.833599	
1582.356042	2684.071856	
1582.274815	2683.723486	
1582.363679	2683.572646	
1582.772337	2683.310845	
1582.860289	2683.576208	
1583.042527	2683.691378	
1582.333918	2683.428465	
1582.179389	2683.689875	
1582.395507	2683.763878	
1582.052555	2683.945793	
1582.673435	2684.161192	
1582.695223	2684.331171	
1582.612034	2683.408866	
1582.319504	2683.545915	
1582.26046	2683.927389	
1582.429265	2684.074019	
1582.160083	2684.382349	
1582.67503	2684.055517	
1582.751589	2684.082713	
1582.869835	2684.050208	
1582.162387	2684.474141	
1582.946026	2684.412078	
1582.376408	2684.003588	
1582.180462	2683.638596	
1582.458034	2683.500937	
1581.975098	2683.23869	
1581.814362	2682.938327	
1581.598437	2682.375773	
1581.247641	2681.919462	
1581.955949	2682.141718	
1582.392927	2682.924798	
1581.484653	2682.975221	
1582.091647	2683.692457	
1582.140522	2683.918227	
1582.83692	2683.843506	
1582.739608	2684.064645	
1583.015697	2685.267133	
1582.582243	2684.527627	
1581.994914	2683.341442	
1582.095579	2683.075808	
1581.875549	2682.961908	
1582.022018	2682.63747	
1581.608098	2682.106192	
1581.688563	2681.764701	
1581.476523	2681.402932	
1581.176794	2681.398219	
1580.950143	2680.280345	
1581.57817	2680.385896	
1581.242381	2681.111366	
1580.847111	2678.739405	
1580.597835	2680.255115	
1582.992503	2684.607757	
1582.732875	2684.880978	
1582.987366	2684.805087	
1582.79544	2684.61653	
1582.371179	2684.46529	
1582.877883	2684.444216	
1582.390901	2684.62356	
1582.500949	2684.418064	
1582.547595	2684.291119	
1582.45631	2684.511523	
1582.491063	2684.232081	
1582.505417	2683.965638	
1582.302946	2683.920384	
1581.951211	2683.736555	
1582.214712	2683.528589	
1582.227556	2683.728509	
1581.850503	2683.577339	
1582.462498	2683.587437	
1582.076925	2683.136665	
1582.126338	2683.216024	
1581.421114	2683.397004	
1582.380429	2683.481591	
1582.111114	2683.300194	
1582.407815	2683.648061	
1582.61647	2683.241511	
1582.523053	2683.244897	
1582.646439	2683.409308	
1582.230737	2683.118004	
1582.295793	2683.274584	
1582.228723	2683.608409	
1581.900059	2683.812714	
1582.164045	2683.735218	
1581.988879	2683.795924	
1582.026097	2683.624693	
1582.686692	2683.563509	
1581.976714	2683.665978	
1582.377894	2683.797999	
1582.207199	2683.823634	
1582.510892	2683.635542	
1582.227285	2683.932641	
1582.616013	2683.87899	
1582.774955	2684.24396	
1582.694456	2684.083003	
1582.067913	2683.729607	
1581.920523	2683.68939	
1582.38303	2683.217234	
1582.347973	2682.660717	
1581.89166	2682.405918	
1581.424176	2681.733834	
1581.500874	2680.468002	
1580.652795	2680.30778	
1581.424997	2681.78956	
1581.449159	2682.436155	
1581.764202	2683.39362	
1582.642514	2683.634778	
1582.691107	2683.882252	
1582.586641	2684.26287	
1582.893327	2684.216713	
1582.732858	2684.263696	
1582.008643	2683.825869	
1582.504177	2683.671891	
1582.346955	2683.56764	
1582.159035	2683.373861	
1581.732355	2682.256835	
1581.663678	2682.324196	
1581.36756	2682.342179	
1581.724675	2681.508804	
1581.181551	2680.47799	
1581.67188	2680.678135	
1581.75142	2681.076249	
1580.32875	2677.211124	
1583.347213	2684.999634	
1582.623543	2685.084529	
1582.847829	2684.749985	
1582.607413	2684.663976	
1582.557605	2684.239763	
1582.623414	2684.511801	
1583.049326	2684.578864	
1583.055373	2684.2407	
1582.4294	2684.274182	
1582.747515	2684.147459	
1581.943602	2684.149811	
1582.493313	2683.58167	
1582.666433	2683.711084	
1582.023678	2683.607411	
1581.897304	2683.553554	
1581.848516	2683.465811	
1582.214672	2683.437612	
1582.193522	2683.107925	
1582.143121	2683.041986	
1582.238348	2682.858	
1581.314406	2682.757799	
1582.132622	2683.024094	
1581.433985	2683.125604	
1582.874483	2683.20347	
1582.359458	2682.839889	
1581.473275	2682.751394	
1582.073816	2682.926778	
1581.947045	2682.906011	
1581.646252	2683.216236	
1581.627586	2683.342124	
1582.074286	2683.349543	
1582.121065	2683.416166	
1581.565701	2683.520051	
1582.213429	2683.702244	
1582.712157	2683.403556	
1582.274954	2683.348996	
1582.423686	2683.797226	
1582.60351	2683.581239	
1582.104809	2683.5786	
1582.77493	2683.817745	
1582.284334	2683.817409	
1582.439422	2683.826561	
1581.710531	2684.062892	
1581.612296	2683.615669	
1581.667889	2683.24962	
1581.747326	2683.200896	
1581.703285	2682.609578	
1581.49076	2681.928738	
1580.988248	2681.538865	
1581.210495	2680.240589	
1580.535061	2679.901171	
1581.376636	2681.529489	
1581.068777	2682.518626	
1581.29238	2683.138346	
1582.372269	2683.761926	
1582.610952	2684.03241	
1582.839731	2684.058681	
1583.057689	2684.200182	
1582.145986	2684.101813	
1582.30651	2683.667417	
1582.245187	2683.613073	
1582.176168	2684.142657	
1582.345994	2683.94264	
1582.111883	2682.973877	
1581.61921	2682.666005	
1581.159219	2682.618508	
1581.172745	2681.026961	
1581.207279	2680.449854	
1582.992964	2678.51618	
1581.452032	2680.272826	
1582.84589	2684.236416	
1581.856523	2684.501786	
1582.411124	2684.485329	
1582.658961	2684.347518	
1582.980601	2684.440702	
1582.19204	2684.412361	
1582.495067	2684.132416	
1582.523819	2683.953566	
1581.820083	2683.806541	
1582.628266	2683.514576	
1582.510371	2683.663282	
1582.236124	2683.345305	
1582.189896	2683.469349	
1582.132641	2683.097803	
1582.080207	2683.289436	
1581.586626	2682.91362	
1581.511319	2682.594531	
1581.618942	2682.307024	
1581.921748	2682.045531	
1581.8689	2682.732347	
1581.659063	2682.768618	
1581.97845	2682.598772	
1582.174333	2682.522119	
1581.460282	2682.662592	
1581.707101	2682.621939	
1581.463883	2682.755058	
1581.904024	2682.647107	
1581.975711	2682.955407	
1581.867836	2683.032274	
1582.211789	2683.294496	
1581.725156	2683.281674	
1582.30163	2683.52995	
1581.961754	2683.487826	
1582.455204	2683.148099	
1582.181343	2683.222096	
1582.403857	2683.433604	
1581.849973	2683.362241	
1582.827223	2683.445633	
1582.269015	2683.622247	
1582.64287	2683.620505	
1582.225883	2683.683713	
1581.820669	2683.538547	
1581.820213	2683.23254	
1581.584169	2683.12075	
1581.990452	2682.837122	
1581.865165	2682.483878	
1581.181393	2682.000086	
1581.145648	2681.127864	
1580.537195	2681.042016	
1581.705824	2681.997165	
1581.910786	2682.815213	
1581.790427	2683.11201	
1582.589012	2683.889036	
1582.303833	2684.198962	
1582.864107	2684.008391	
1582.533502	2684.314989	
1582.474338	2683.793982	
1581.988046	2683.437217	
1581.922733	2683.228915	
1580.567886	2682.526242	
1581.67004	2682.901685	
1582.425875	2682.617761	
1581.562705	2682.077595	
1581.42105	2682.432397	
1581.615893	2681.084604	
1581.869501	2681.61657	
1581.57903	2679.095853	
1582.779456	2683.770737	
1582.038058	2683.881445	
1581.825522	2683.615251	
1582.247883	2683.602774	
1581.902538	2683.374068	
1581.792347	2682.978422	
1581.925966	2683.081869	
1581.946717	2683.040809	
1581.605112	2683.037848	
1581.463449	2682.933214	
1581.755157	2682.569887	
1581.643953	2682.230122	
1581.206822	2681.68022	
1581.887368	2682.506226	
1581.740871	2682.566793	
1582.354483	2682.674645	
1582.273099	2682.631588	
1581.387277	2682.209817	
1581.527558	2682.397441	
1581.398166	2682.54513	
1581.679565	2682.480592	
1582.427826	2682.562815	
1581.643871	2682.957785	
1581.518208	2682.945974	
1582.043117	2683.021225	
1581.468177	2683.230904	
1582.142574	2683.191709	
1582.282606	2683.200621	
1582.873089	2683.254848	
1582.240345	2683.147953	
1581.969272	2683.200804	
1582.348202	2683.140959	
1582.068567	2683.45575	
1582.649039	2683.687876	
1581.859692	2683.599269	
1582.051603	2683.431986	
1582.395809	2683.182009	
1581.836366	2683.034199	
1582.696435	2683.329256	
1581.606222	2683.104386	
1581.719961	2682.898052	
1581.713617	2682.387945	
1581.086684	2681.918968	
1581.909418	2682.656719	
1582.41215	2683.16766	
1582.121909	2683.524331	
1583.129548	2684.138149	
1582.604099	2684.49456	
1582.909903	2684.362528	
1582.932215	2684.416815	
1581.927969	2684.091849	
1582.466881	2683.660832	
1581.620612	2682.659256	
1580.433171	2681.741786	
1580.922423	2679.931073	
1582.024335	2682.618232	
1581.396435	2682.301802	
1581.758281	2682.366486	
1582.001376	2681.772409	
1582.335051	2682.817041	
1582.758731	2682.944745	
1581.84953	2682.241819	
1582.071998	2682.659251	
1582.984709	2683.002264	
1582.400876	2682.662714	
1581.814748	2681.528839	
1581.164013	2681.950788	
1581.533666	2682.461305	
1581.729737	2682.395752	
1581.798524	2682.713094	
1582.164464	2682.749554	
1581.530272	2682.317309	
1582.025302	2683.004405	
1581.728177	2683.040604	
1582.051383	2683.000149	
1582.198635	2683.216681	
1581.79617	2682.625664	
1582.101439	2682.838496	
1582.157277	2683.01184	
1582.271448	2683.25278	
1582.315773	2683.3267	
1582.526891	2683.352998	
1582.360245	2683.378546	
1581.90724	2683.006046	
1581.753849	2682.861648	
1582.232989	2683.146738	
1582.062709	2683.735236	
1582.809102	2683.688049	
1581.746425	2684.026896	
1582.746425	2683.913207	
1582.126031	2683.08577	
1582.264439	2683.332088	
1582.092693	2683.114502	
1582.304274	2684.0657	
1582.959778	2684.891957	
1582.287777	2685.11429	
1582.59282	2684.871089	
1582.812893	2684.826778	
1582.1398	2684.456957	
1582.838387	2684.058662	
1582.496636	2684.234355	
1581.669308	2684.608281	
1581.501739	2682.963511	
1582.073151	2683.194893	
1581.588994	2683.05496	
1582.026321	2682.80955	
1582.617904	2682.832487	
1582.32555	2682.953751	
1582.192644	2682.98777	
1582.177893	2682.278536	
1581.001056	2681.145697	
1581.855855	2683.313559	
1581.863149	2683.046329	
1582.272954	2682.236523	
1581.627824	2682.129077	
1581.071676	2681.574184	
1582.093019	2682.656184	
1582.094218	2682.812949	
1582.598054	2682.855088	
1582.384841	2683.301165	
1582.175487	2683.394197	
1581.967206	2683.19954	
1582.035183	2683.047537	
1581.614827	2682.727224	
1583.228884	2684.826368	
1582.439804	2685.310207	
1582.972441	2685.046484	
1582.025978	2684.171556	
1582.483932	2684.1587	
1581.277801	2681.985596	
1581.978885	2683.884548	
1583.756215	2686.090329	
1583.515028	2685.515372	
1582.451873	2685.404013	
1582.64617	2685.141419	
1583.059943	2684.66266	
1582.617905	2684.41063	
1582.157123	2684.123243	
1582.379831	2684.705195	
1582.368925	2683.910775	
1582.178598	2683.825975	
1582.196075	2683.398672	
1581.615689	2678.939817	
1581.731986	2681.352537	
1580.860092	2680.21628	
1581.195066	2679.591174	
1582.000721	2682.606166	
1581.895013	2682.60478	
1582.029775	2682.783435	
1582.288841	2683.30995	
1582.648812	2683.416494	
1581.985839	2683.301413	
1581.496945	2683.167201	
1582.147491	2683.038167	
1583.254381	2685.712725	
1583.147493	2686.018172	
1583.042287	2686.204291	
1582.806682	2685.082451	
1583.307083	2685.601355	
1580.838481	2682.356615	
1581.124849	2681.872074	
1584.221758	2686.903893	
1583.822307	2686.259582	
1583.263991	2685.872983	
1583.248384	2685.424512	
1583.389205	2685.188978	
1582.436949	2684.693436	
1582.203457	2683.966678	
1582.299629	2684.12757	
1582.592126	2684.202687	
1582.35592	2683.91363	
1582.43547	2682.884316	
1582.634102	2683.372765	
1581.911869	2683.583261	
1582.035506	2683.451289	
1582.852913	2685.2861	
1583.748312	2687.065919	
1583.570188	2688.544216	
1582.344804	2684.775886	
1583.977001	2686.309595	
1583.729802	2686.145877	
1582.662845	2685.361586	
1582.509728	2684.867867	
1583.044515	2684.526859	
1582.26742	2684.31799	
1582.487913	2684.34906	
1582.539322	2684.073541	
1583.831736	2687.101455	
1583.722093	2686.273551	
1583.799917	2685.779339	
1582.665575	2684.983286	
1582.835489	2684.759599	
1583.764613	2686.108162	
