GateI(1),GateV(1),DrainI(1),DrainV(1),GateI(2),GateV(2),DrainI(2),DrainV(2),GateI(3),GateV(3),DrainI(3),DrainV(3)
-420.9906E-12,-12.0000E+0,1.4151E-9,30.0000E-3,-750.7097E-12,-12.0000E+0,94.1578E-12,50.0000E-3,-311.6449E-12,-12.0000E+0,80.1826E-12,70.0000E-3
-381.0374E-12,-11.9600E+0,1.2685E-9,30.0000E-3,-329.7291E-12,-11.9600E+0,99.2750E-12,50.0000E-3,-309.5422E-12,-11.9600E+0,87.8896E-12,70.0000E-3
-280.9439E-12,-11.9200E+0,1.1513E-9,30.0000E-3,-328.0467E-12,-11.9200E+0,103.2539E-12,50.0000E-3,-271.2712E-12,-11.9200E+0,94.1608E-12,70.0000E-3
-256.1311E-12,-11.8800E+0,1.0416E-9,30.0000E-3,-316.6916E-12,-11.8800E+0,106.5649E-12,50.0000E-3,-209.0284E-12,-11.8800E+0,98.6167E-12,70.0000E-3
-259.9161E-12,-11.8400E+0,944.6463E-12,30.0000E-3,-363.7943E-12,-11.8400E+0,109.0262E-12,50.0000E-3,-130.3835E-12,-11.8400E+0,103.9422E-12,70.0000E-3
-163.6078E-12,-11.8000E+0,857.0913E-12,30.0000E-3,-267.9066E-12,-11.8000E+0,111.0052E-12,50.0000E-3,-167.8133E-12,-11.8000E+0,106.9059E-12,70.0000E-3
-143.8414E-12,-11.7600E+0,780.0557E-12,30.0000E-3,-290.1963E-12,-11.7600E+0,112.4107E-12,50.0000E-3,-111.4582E-12,-11.7600E+0,110.9675E-12,70.0000E-3
-267.0655E-12,-11.7200E+0,711.6756E-12,30.0000E-3,-235.9442E-12,-11.7200E+0,113.2186E-12,50.0000E-3,-72.3461E-12,-11.7200E+0,113.7059E-12,70.0000E-3
-207.7667E-12,-11.6800E+0,651.1621E-12,30.0000E-3,-263.7011E-12,-11.6800E+0,114.5895E-12,50.0000E-3,-81.1777E-12,-11.6800E+0,116.6049E-12,70.0000E-3
-289.7758E-12,-11.6400E+0,599.0101E-12,30.0000E-3,-201.0374E-12,-11.6400E+0,114.4907E-12,50.0000E-3,-77.8135E-12,-11.6400E+0,119.3683E-12,70.0000E-3
-211.1309E-12,-11.6000E+0,552.4057E-12,30.0000E-3,-237.6264E-12,-11.6000E+0,115.6405E-12,50.0000E-3,-64.3554E-12,-11.6000E+0,121.2997E-12,70.0000E-3
-176.6449E-12,-11.5600E+0,511.7200E-12,30.0000E-3,-245.1963E-12,-11.5600E+0,115.6115E-12,50.0000E-3,-78.6544E-12,-11.5600E+0,123.8644E-12,70.0000E-3
-171.1777E-12,-11.5200E+0,475.6761E-12,30.0000E-3,-182.5329E-12,-11.5200E+0,115.9037E-12,50.0000E-3,-114.8228E-12,-11.5200E+0,125.6618E-12,70.0000E-3
-172.8599E-12,-11.4800E+0,443.8255E-12,30.0000E-3,-169.9161E-12,-11.4800E+0,116.3328E-12,50.0000E-3,-112.7198E-12,-11.4800E+0,127.9141E-12,70.0000E-3
-192.2058E-12,-11.4400E+0,415.8591E-12,30.0000E-3,-148.8880E-12,-11.4400E+0,116.2889E-12,50.0000E-3,-84.5423E-12,-11.4400E+0,129.6870E-12,70.0000E-3
-39.5423E-12,-11.4000E+0,283.9030E-12,30.0000E-3,-189.2619E-12,-11.4000E+0,116.2780E-12,50.0000E-3,-108.5143E-12,-11.4000E+0,131.3104E-12,70.0000E-3
-90.0095E-12,-11.3600E+0,258.8727E-12,30.0000E-3,-148.0469E-12,-11.3600E+0,116.5294E-12,50.0000E-3,-73.1872E-12,-11.3600E+0,133.0497E-12,70.0000E-3
-15.9909E-12,-11.3200E+0,237.6908E-12,30.0000E-3,-87.9067E-12,-11.3200E+0,116.7940E-12,50.0000E-3,-26.0844E-12,-11.3200E+0,134.6375E-12,70.0000E-3
-11.3649E-12,-11.2800E+0,220.1461E-12,30.0000E-3,-53.0002E-12,-11.2800E+0,116.8780E-12,50.0000E-3,10.0837E-12,-11.2800E+0,136.0788E-12,70.0000E-3
-46.6919E-12,-11.2400E+0,205.0840E-12,30.0000E-3,-54.2619E-12,-11.2400E+0,117.4629E-12,50.0000E-3,-17.2526E-12,-11.2400E+0,138.0210E-12,70.0000E-3
-109.7760E-12,-11.2000E+0,192.0662E-12,30.0000E-3,-81.1777E-12,-11.2000E+0,117.5685E-12,50.0000E-3,-29.8694E-12,-11.2000E+0,139.2585E-12,70.0000E-3
-12.2060E-12,-11.1600E+0,181.3702E-12,30.0000E-3,-104.3086E-12,-11.1600E+0,117.9580E-12,50.0000E-3,-42.4864E-12,-11.1600E+0,141.0009E-12,70.0000E-3
20.1769E-12,-11.1200E+0,171.6349E-12,30.0000E-3,-97.1591E-12,-11.1200E+0,118.3380E-12,50.0000E-3,6.2987E-12,-11.1200E+0,142.3474E-12,70.0000E-3
-52.5797E-12,-11.0800E+0,163.9338E-12,30.0000E-3,-81.1777E-12,-11.0800E+0,118.5080E-12,50.0000E-3,36.1584E-12,-11.0800E+0,143.9763E-12,70.0000E-3
-82.4396E-12,-11.0400E+0,156.2842E-12,30.0000E-3,-83.2807E-12,-11.0400E+0,119.3148E-12,50.0000E-3,44.1491E-12,-11.0400E+0,145.5293E-12,70.0000E-3
-84.5423E-12,-11.0000E+0,150.7213E-12,30.0000E-3,-47.1123E-12,-11.0000E+0,119.7866E-12,50.0000E-3,-24.8228E-12,-11.0000E+0,147.1037E-12,70.0000E-3
-59.3087E-12,-10.9600E+0,145.1266E-12,30.0000E-3,-63.9348E-12,-10.9600E+0,120.0963E-12,50.0000E-3,30.6912E-12,-10.9600E+0,148.6226E-12,70.0000E-3
18.9155E-12,-10.9200E+0,140.1664E-12,30.0000E-3,-55.1032E-12,-10.9200E+0,121.0043E-12,50.0000E-3,4.1959E-12,-10.9200E+0,149.9354E-12,70.0000E-3
47.0930E-12,-10.8800E+0,136.1902E-12,30.0000E-3,-79.4957E-12,-10.8800E+0,121.4485E-12,50.0000E-3,106.8128E-12,-10.8800E+0,152.1156E-12,70.0000E-3
66.0183E-12,-10.8400E+0,132.2159E-12,30.0000E-3,26.9062E-12,-10.8400E+0,122.3086E-12,50.0000E-3,-12.2060E-12,-10.8400E+0,152.9431E-12,70.0000E-3
159.8031E-12,-10.8000E+0,129.2860E-12,30.0000E-3,-140.8975E-12,-10.8000E+0,122.9617E-12,50.0000E-3,-10.1030E-12,-10.8000E+0,155.3849E-12,70.0000E-3
20.1769E-12,-10.7600E+0,126.1376E-12,30.0000E-3,-17.2526E-12,-10.7600E+0,123.6130E-12,50.0000E-3,26.9062E-12,-10.7600E+0,156.6336E-12,70.0000E-3
-100.9444E-12,-10.7200E+0,124.0373E-12,30.0000E-3,-24.4022E-12,-10.7200E+0,124.5909E-12,50.0000E-3,28.1679E-12,-10.7200E+0,158.6121E-12,70.0000E-3
-31.9722E-12,-10.6800E+0,121.9071E-12,30.0000E-3,-78.6544E-12,-10.6800E+0,124.9724E-12,50.0000E-3,55.9248E-12,-10.6800E+0,160.4445E-12,70.0000E-3
57.6070E-12,-10.6400E+0,119.9884E-12,30.0000E-3,2.9343E-12,-10.6400E+0,126.5483E-12,50.0000E-3,77.3732E-12,-10.6400E+0,161.9371E-12,70.0000E-3
12.1864E-12,-10.6000E+0,118.3922E-12,30.0000E-3,-47.9536E-12,-10.6000E+0,127.0515E-12,50.0000E-3,65.5977E-12,-10.6000E+0,164.3444E-12,70.0000E-3
65.1772E-12,-10.5600E+0,117.2792E-12,30.0000E-3,-60.9909E-12,-10.5600E+0,128.4684E-12,50.0000E-3,21.4388E-12,-10.5600E+0,165.5130E-12,70.0000E-3
97.1396E-12,-10.5200E+0,116.3232E-12,30.0000E-3,-93.7947E-12,-10.5200E+0,129.3547E-12,50.0000E-3,113.5416E-12,-10.5200E+0,167.9290E-12,70.0000E-3
105.5509E-12,-10.4800E+0,114.9969E-12,30.0000E-3,-60.9909E-12,-10.4800E+0,130.8576E-12,50.0000E-3,31.1117E-12,-10.4800E+0,169.6312E-12,70.0000E-3
181.2517E-12,-10.4400E+0,114.4649E-12,30.0000E-3,-86.2245E-12,-10.4400E+0,131.7918E-12,50.0000E-3,55.9248E-12,-10.4400E+0,171.8001E-12,70.0000E-3
45.8313E-12,-10.4000E+0,113.6747E-12,30.0000E-3,-55.1032E-12,-10.4000E+0,132.9126E-12,50.0000E-3,76.5323E-12,-10.4000E+0,173.7433E-12,70.0000E-3
51.7190E-12,-10.3600E+0,113.6140E-12,30.0000E-3,-16.8323E-12,-10.3600E+0,134.4389E-12,50.0000E-3,53.8220E-12,-10.3600E+0,175.6535E-12,70.0000E-3
90.4107E-12,-10.3200E+0,113.0182E-12,30.0000E-3,831.3350E-15,-10.3200E+0,135.5827E-12,50.0000E-3,110.5978E-12,-10.3200E+0,178.0769E-12,70.0000E-3
84.9433E-12,-10.2800E+0,112.9777E-12,30.0000E-3,-18.5143E-12,-10.2800E+0,137.2991E-12,50.0000E-3,76.5323E-12,-10.2800E+0,180.1715E-12,70.0000E-3
11.7659E-12,-10.2400E+0,112.9362E-12,30.0000E-3,-33.6546E-12,-10.2400E+0,138.3078E-12,50.0000E-3,68.5416E-12,-10.2400E+0,182.6505E-12,70.0000E-3
128.6817E-12,-10.2000E+0,112.9627E-12,30.0000E-3,-850.8749E-15,-10.2000E+0,139.9826E-12,50.0000E-3,57.1864E-12,-10.2000E+0,184.7330E-12,70.0000E-3
72.3265E-12,-10.1600E+0,113.1173E-12,30.0000E-3,27.3265E-12,-10.1600E+0,141.5985E-12,50.0000E-3,60.5509E-12,-10.1600E+0,186.9649E-12,70.0000E-3
68.5416E-12,-10.1200E+0,113.6890E-12,30.0000E-3,48.7752E-12,-10.1200E+0,142.9461E-12,50.0000E-3,105.9715E-12,-10.1200E+0,189.5500E-12,70.0000E-3
102.1865E-12,-10.0800E+0,113.8634E-12,30.0000E-3,-6.7388E-12,-10.0800E+0,144.8118E-12,50.0000E-3,94.6163E-12,-10.0800E+0,191.6086E-12,70.0000E-3
102.6070E-12,-10.0400E+0,114.5301E-12,30.0000E-3,-14.3087E-12,-10.0400E+0,146.3936E-12,50.0000E-3,78.6348E-12,-10.0400E+0,194.6285E-12,70.0000E-3
97.5601E-12,-10.0000E+0,115.0550E-12,30.0000E-3,58.8686E-12,-10.0000E+0,148.4227E-12,50.0000E-3,95.4574E-12,-10.0000E+0,197.0840E-12,70.0000E-3
21.0183E-12,-9.9600E+0,115.5098E-12,30.0000E-3,22.2799E-12,-9.9600E+0,150.1489E-12,50.0000E-3,146.3454E-12,-9.9600E+0,199.4428E-12,70.0000E-3
50.8781E-12,-9.9200E+0,116.5687E-12,30.0000E-3,21.4388E-12,-9.9200E+0,151.8677E-12,50.0000E-3,132.4669E-12,-9.9200E+0,202.4808E-12,70.0000E-3
74.4293E-12,-9.8800E+0,116.8668E-12,30.0000E-3,81.1584E-12,-9.8800E+0,154.0794E-12,50.0000E-3,153.9153E-12,-9.8800E+0,204.7612E-12,70.0000E-3
23.1210E-12,-9.8400E+0,118.4091E-12,30.0000E-3,13.0275E-12,-9.8400E+0,155.7557E-12,50.0000E-3,126.1584E-12,-9.8400E+0,207.9242E-12,70.0000E-3
154.3359E-12,-9.8000E+0,119.0904E-12,30.0000E-3,-50.8975E-12,-9.8000E+0,157.9683E-12,50.0000E-3,129.1023E-12,-9.8000E+0,210.3625E-12,70.0000E-3
64.3358E-12,-9.7600E+0,120.4754E-12,30.0000E-3,39.1022E-12,-9.7600E+0,159.9240E-12,50.0000E-3,109.7564E-12,-9.7600E+0,213.3711E-12,70.0000E-3
72.7471E-12,-9.7200E+0,121.3506E-12,30.0000E-3,-46.2714E-12,-9.7200E+0,162.1050E-12,50.0000E-3,153.4948E-12,-9.7200E+0,216.3533E-12,70.0000E-3
63.9155E-12,-9.6800E+0,122.8271E-12,30.0000E-3,-59.3087E-12,-9.6800E+0,164.3639E-12,50.0000E-3,179.5695E-12,-9.6800E+0,219.2790E-12,70.0000E-3
97.5601E-12,-9.6400E+0,123.8078E-12,30.0000E-3,10.5042E-12,-9.6400E+0,166.3228E-12,50.0000E-3,152.6537E-12,-9.6400E+0,222.5176E-12,70.0000E-3
136.6725E-12,-9.6000E+0,125.0273E-12,30.0000E-3,-29.8694E-12,-9.6000E+0,168.8520E-12,50.0000E-3,154.7564E-12,-9.6000E+0,225.2786E-12,70.0000E-3
147.1863E-12,-9.5600E+0,126.8295E-12,30.0000E-3,29.4295E-12,-9.5600E+0,170.7626E-12,50.0000E-3,94.1957E-12,-9.5600E+0,228.8538E-12,70.0000E-3
165.6910E-12,-9.5200E+0,127.8780E-12,30.0000E-3,41.2052E-12,-9.5200E+0,173.5682E-12,50.0000E-3,158.9622E-12,-9.5200E+0,231.6630E-12,70.0000E-3
66.0183E-12,-9.4800E+0,129.7382E-12,30.0000E-3,22.7005E-12,-9.4800E+0,175.5072E-12,50.0000E-3,103.0276E-12,-9.4800E+0,235.2611E-12,70.0000E-3
101.7659E-12,-9.4400E+0,130.9734E-12,30.0000E-3,-17.6732E-12,-9.4400E+0,178.2431E-12,50.0000E-3,104.7098E-12,-9.4400E+0,238.4369E-12,70.0000E-3
127.4201E-12,-9.4000E+0,132.7811E-12,30.0000E-3,18.4949E-12,-9.4000E+0,180.7983E-12,50.0000E-3,58.0275E-12,-9.4000E+0,241.8779E-12,70.0000E-3
131.6256E-12,-9.3600E+0,134.5722E-12,30.0000E-3,20.5977E-12,-9.3600E+0,183.0242E-12,50.0000E-3,83.2611E-12,-9.3600E+0,245.3972E-12,70.0000E-3
67.7005E-12,-9.3200E+0,136.1638E-12,30.0000E-3,-30.7105E-12,-9.3200E+0,186.2707E-12,50.0000E-3,92.5135E-12,-9.3200E+0,248.6058E-12,70.0000E-3
128.2612E-12,-9.2800E+0,138.1165E-12,30.0000E-3,83.6817E-12,-9.2800E+0,188.4710E-12,50.0000E-3,89.9900E-12,-9.2800E+0,252.3647E-12,70.0000E-3
76.9528E-12,-9.2400E+0,140.0173E-12,30.0000E-3,57.6070E-12,-9.2400E+0,191.4826E-12,50.0000E-3,84.1022E-12,-9.2400E+0,255.8802E-12,70.0000E-3
142.9807E-12,-9.2000E+0,141.7031E-12,30.0000E-3,47.0930E-12,-9.2000E+0,194.0182E-12,50.0000E-3,99.6631E-12,-9.2000E+0,259.6943E-12,70.0000E-3
127.4201E-12,-9.1600E+0,144.1389E-12,30.0000E-3,23.9621E-12,-9.1600E+0,196.9690E-12,50.0000E-3,86.2050E-12,-9.1600E+0,263.2995E-12,70.0000E-3
121.9527E-12,-9.1200E+0,145.7926E-12,30.0000E-3,53.8220E-12,-9.1200E+0,199.6094E-12,50.0000E-3,132.8873E-12,-9.1200E+0,267.0808E-12,70.0000E-3
129.9434E-12,-9.0800E+0,148.1660E-12,30.0000E-3,14.2894E-12,-9.0800E+0,202.6267E-12,50.0000E-3,111.0183E-12,-9.0800E+0,270.9540E-12,70.0000E-3
92.0930E-12,-9.0400E+0,150.1840E-12,30.0000E-3,84.9433E-12,-9.0400E+0,205.5675E-12,50.0000E-3,52.1398E-12,-9.0400E+0,275.0430E-12,70.0000E-3
94.1957E-12,-9.0000E+0,152.3748E-12,30.0000E-3,29.4295E-12,-9.0000E+0,208.6517E-12,50.0000E-3,67.7005E-12,-9.0000E+0,278.7510E-12,70.0000E-3
99.6631E-12,-8.9600E+0,154.6550E-12,30.0000E-3,47.9341E-12,-8.9600E+0,211.5541E-12,50.0000E-3,39.9436E-12,-8.9600E+0,282.9944E-12,70.0000E-3
116.4855E-12,-8.9200E+0,156.8674E-12,30.0000E-3,99.2426E-12,-8.9200E+0,214.7881E-12,50.0000E-3,146.7659E-12,-8.9200E+0,286.8835E-12,70.0000E-3
79.8967E-12,-8.8800E+0,159.4593E-12,30.0000E-3,74.0090E-12,-8.8800E+0,217.8930E-12,50.0000E-3,69.8032E-12,-8.8800E+0,291.3054E-12,70.0000E-3
111.0183E-12,-8.8400E+0,161.5766E-12,30.0000E-3,118.5883E-12,-8.8400E+0,221.3049E-12,50.0000E-3,85.7844E-12,-8.8400E+0,295.3056E-12,70.0000E-3
118.1679E-12,-8.8000E+0,164.5063E-12,30.0000E-3,79.0556E-12,-8.8000E+0,224.2193E-12,50.0000E-3,148.0276E-12,-8.8000E+0,299.8103E-12,70.0000E-3
66.8594E-12,-8.7600E+0,166.5168E-12,30.0000E-3,95.4574E-12,-8.7600E+0,227.9306E-12,50.0000E-3,51.7190E-12,-8.7600E+0,304.0951E-12,70.0000E-3
-9.2621E-12,-8.7200E+0,169.7686E-12,30.0000E-3,73.5882E-12,-8.7200E+0,231.1363E-12,50.0000E-3,94.6163E-12,-8.7200E+0,308.6087E-12,70.0000E-3
166.5321E-12,-8.6800E+0,171.9254E-12,30.0000E-3,117.3266E-12,-8.6800E+0,234.4753E-12,50.0000E-3,55.5042E-12,-8.6800E+0,313.0181E-12,70.0000E-3
15.5511E-12,-8.6400E+0,174.6468E-12,30.0000E-3,112.2800E-12,-8.6400E+0,238.1536E-12,50.0000E-3,89.9900E-12,-8.6400E+0,317.1753E-12,70.0000E-3
42.8874E-12,-8.6000E+0,177.5778E-12,30.0000E-3,120.6910E-12,-8.6000E+0,241.2974E-12,50.0000E-3,103.4481E-12,-8.6000E+0,322.1396E-12,70.0000E-3
124.0557E-12,-8.5600E+0,180.1568E-12,30.0000E-3,63.4947E-12,-8.5600E+0,245.1997E-12,50.0000E-3,146.7659E-12,-8.5600E+0,326.2514E-12,70.0000E-3
147.6070E-12,-8.5200E+0,183.1738E-12,30.0000E-3,116.4855E-12,-8.5200E+0,248.6280E-12,50.0000E-3,128.2612E-12,-8.5200E+0,331.5466E-12,70.0000E-3
46.6724E-12,-8.4800E+0,186.0417E-12,30.0000E-3,88.7283E-12,-8.4800E+0,252.3781E-12,50.0000E-3,74.8499E-12,-8.4800E+0,336.0530E-12,70.0000E-3
69.3827E-12,-8.4400E+0,189.0138E-12,30.0000E-3,60.1303E-12,-8.4400E+0,256.2223E-12,50.0000E-3,89.5696E-12,-8.4400E+0,341.0177E-12,70.0000E-3
37.8406E-12,-8.4000E+0,191.9012E-12,30.0000E-3,39.5230E-12,-8.4000E+0,259.8413E-12,50.0000E-3,125.3173E-12,-8.4000E+0,346.0016E-12,70.0000E-3
83.2611E-12,-8.3600E+0,195.1720E-12,30.0000E-3,86.6258E-12,-8.3600E+0,263.7413E-12,50.0000E-3,142.5602E-12,-8.3600E+0,350.7608E-12,70.0000E-3
69.8032E-12,-8.3200E+0,197.8878E-12,30.0000E-3,-41.6451E-12,-8.3200E+0,267.6153E-12,50.0000E-3,112.7003E-12,-8.3200E+0,356.0301E-12,70.0000E-3
108.4948E-12,-8.2800E+0,201.4163E-12,30.0000E-3,82.4200E-12,-8.2800E+0,271.6291E-12,50.0000E-3,167.7940E-12,-8.2800E+0,360.9400E-12,70.0000E-3
72.3265E-12,-8.2400E+0,204.4419E-12,30.0000E-3,92.5135E-12,-8.2400E+0,275.2778E-12,50.0000E-3,195.9715E-12,-8.2400E+0,366.2383E-12,70.0000E-3
98.4012E-12,-8.2000E+0,207.8382E-12,30.0000E-3,80.7378E-12,-8.2000E+0,279.5241E-12,50.0000E-3,178.7284E-12,-8.2000E+0,371.3108E-12,70.0000E-3
101.3452E-12,-8.1600E+0,211.1909E-12,30.0000E-3,91.6724E-12,-8.1600E+0,283.5167E-12,50.0000E-3,152.6537E-12,-8.1600E+0,376.7154E-12,70.0000E-3
63.4947E-12,-8.1200E+0,214.6345E-12,30.0000E-3,128.2612E-12,-8.1200E+0,287.6228E-12,50.0000E-3,155.1772E-12,-8.1200E+0,381.7960E-12,70.0000E-3
85.3641E-12,-8.0800E+0,217.8462E-12,30.0000E-3,54.6631E-12,-8.0800E+0,291.9553E-12,50.0000E-3,195.5507E-12,-8.0800E+0,387.2549E-12,70.0000E-3
145.5041E-12,-8.0400E+0,221.6783E-12,30.0000E-3,132.0462E-12,-8.0400E+0,295.9041E-12,50.0000E-3,180.4106E-12,-8.0400E+0,392.7013E-12,70.0000E-3
188.4013E-12,-8.0000E+0,224.9921E-12,30.0000E-3,77.7939E-12,-8.0000E+0,300.5588E-12,50.0000E-3,213.2143E-12,-8.0000E+0,398.2997E-12,70.0000E-3
126.5790E-12,-7.9600E+0,228.7623E-12,30.0000E-3,95.4574E-12,-7.9600E+0,304.7403E-12,50.0000E-3,215.3171E-12,-7.9600E+0,403.8056E-12,70.0000E-3
143.8221E-12,-7.9200E+0,232.0662E-12,30.0000E-3,171.5788E-12,-7.9200E+0,308.8876E-12,50.0000E-3,187.9807E-12,-7.9200E+0,409.5880E-12,70.0000E-3
139.6163E-12,-7.8800E+0,235.9492E-12,30.0000E-3,143.4013E-12,-7.8800E+0,313.4950E-12,50.0000E-3,191.3452E-12,-7.8800E+0,415.0666E-12,70.0000E-3
157.2797E-12,-7.8400E+0,239.6330E-12,30.0000E-3,100.9248E-12,-7.8400E+0,317.9749E-12,50.0000E-3,159.8031E-12,-7.8400E+0,420.9395E-12,70.0000E-3
122.3734E-12,-7.8000E+0,243.2559E-12,30.0000E-3,246.8592E-12,-7.8000E+0,322.3797E-12,50.0000E-3,216.1584E-12,-7.8000E+0,426.6329E-12,70.0000E-3
131.2050E-12,-7.7600E+0,247.3877E-12,30.0000E-3,150.1304E-12,-7.7600E+0,327.1776E-12,50.0000E-3,266.6254E-12,-7.7600E+0,432.5792E-12,70.0000E-3
127.8406E-12,-7.7200E+0,251.2649E-12,30.0000E-3,156.4389E-12,-7.7200E+0,331.5920E-12,50.0000E-3,233.4013E-12,-7.7200E+0,438.6253E-12,70.0000E-3
113.5416E-12,-7.6800E+0,255.3447E-12,30.0000E-3,161.0649E-12,-7.6800E+0,336.4520E-12,50.0000E-3,187.9807E-12,-7.6800E+0,444.5120E-12,70.0000E-3
116.9060E-12,-7.6400E+0,259.2568E-12,30.0000E-3,148.8687E-12,-7.6400E+0,341.0480E-12,50.0000E-3,237.1863E-12,-7.6400E+0,450.8286E-12,70.0000E-3
172.4201E-12,-7.6000E+0,263.2461E-12,30.0000E-3,168.2143E-12,-7.6000E+0,346.0406E-12,50.0000E-3,214.4760E-12,-7.6000E+0,456.7938E-12,70.0000E-3
118.1679E-12,-7.5600E+0,267.3050E-12,30.0000E-3,150.1304E-12,-7.5600E+0,350.7718E-12,50.0000E-3,179.9900E-12,-7.5600E+0,463.0366E-12,70.0000E-3
188.4013E-12,-7.5200E+0,271.7026E-12,30.0000E-3,76.1115E-12,-7.5200E+0,355.8070E-12,50.0000E-3,265.3637E-12,-7.5200E+0,469.3402E-12,70.0000E-3
169.0557E-12,-7.4800E+0,275.8685E-12,30.0000E-3,136.2519E-12,-7.4800E+0,360.5589E-12,50.0000E-3,226.2517E-12,-7.4800E+0,475.9199E-12,70.0000E-3
175.7845E-12,-7.4400E+0,280.2218E-12,30.0000E-3,92.9341E-12,-7.4400E+0,365.9587E-12,50.0000E-3,215.7376E-12,-7.4400E+0,482.1661E-12,70.0000E-3
128.2612E-12,-7.4000E+0,284.5315E-12,30.0000E-3,174.1021E-12,-7.4000E+0,370.7716E-12,50.0000E-3,231.7191E-12,-7.4000E+0,488.5186E-12,70.0000E-3
181.6722E-12,-7.3600E+0,288.9106E-12,30.0000E-3,199.3359E-12,-7.3600E+0,375.8109E-12,50.0000E-3,184.1955E-12,-7.3600E+0,495.2988E-12,70.0000E-3
163.1677E-12,-7.3200E+0,293.5043E-12,30.0000E-3,119.8499E-12,-7.3200E+0,381.3582E-12,50.0000E-3,200.1770E-12,-7.3200E+0,505.4612E-12,70.0000E-3
142.5602E-12,-7.2800E+0,298.0871E-12,30.0000E-3,175.7845E-12,-7.2800E+0,386.2385E-12,50.0000E-3,210.2705E-12,-7.2800E+0,511.7905E-12,70.0000E-3
205.6442E-12,-7.2400E+0,302.6552E-12,30.0000E-3,197.2331E-12,-7.2400E+0,391.8502E-12,50.0000E-3,230.4574E-12,-7.2400E+0,518.1164E-12,70.0000E-3
113.9622E-12,-7.2000E+0,307.3371E-12,30.0000E-3,145.0837E-12,-7.2000E+0,396.9225E-12,50.0000E-3,174.9434E-12,-7.2000E+0,524.8187E-12,70.0000E-3
125.3173E-12,-7.1600E+0,311.9212E-12,30.0000E-3,111.8594E-12,-7.1600E+0,402.5734E-12,50.0000E-3,210.6910E-12,-7.1600E+0,531.2505E-12,70.0000E-3
195.5507E-12,-7.1200E+0,316.5583E-12,30.0000E-3,153.9153E-12,-7.1200E+0,407.8636E-12,50.0000E-3,192.6068E-12,-7.1200E+0,537.8453E-12,70.0000E-3
110.5978E-12,-7.0800E+0,321.5286E-12,30.0000E-3,88.7283E-12,-7.0800E+0,413.2081E-12,50.0000E-3,269.1489E-12,-7.0800E+0,544.1717E-12,70.0000E-3
172.4201E-12,-7.0400E+0,326.1826E-12,30.0000E-3,115.6444E-12,-7.0400E+0,419.0789E-12,50.0000E-3,247.2798E-12,-7.0400E+0,550.9219E-12,70.0000E-3
186.2985E-12,-7.0000E+0,331.3537E-12,30.0000E-3,152.6537E-12,-7.0000E+0,424.6087E-12,50.0000E-3,171.9995E-12,-7.0000E+0,558.0184E-12,70.0000E-3
153.0742E-12,-6.9600E+0,336.2024E-12,30.0000E-3,166.9527E-12,-6.9600E+0,430.5136E-12,50.0000E-3,190.9246E-12,-6.9600E+0,564.3311E-12,70.0000E-3
224.9900E-12,-6.9200E+0,341.3047E-12,30.0000E-3,185.8780E-12,-6.9200E+0,436.1322E-12,50.0000E-3,175.7845E-12,-6.9200E+0,571.1990E-12,70.0000E-3
211.5321E-12,-6.8800E+0,346.3356E-12,30.0000E-3,190.9246E-12,-6.8800E+0,442.1004E-12,50.0000E-3,231.2983E-12,-6.8800E+0,578.0515E-12,70.0000E-3
131.6256E-12,-6.8400E+0,351.4448E-12,30.0000E-3,129.5228E-12,-6.8400E+0,447.8700E-12,50.0000E-3,322.5600E-12,-6.8400E+0,585.0680E-12,70.0000E-3
230.8780E-12,-6.8000E+0,356.8367E-12,30.0000E-3,86.6258E-12,-6.8000E+0,453.8789E-12,50.0000E-3,311.6256E-12,-6.8000E+0,592.1916E-12,70.0000E-3
252.7469E-12,-6.7600E+0,361.9525E-12,30.0000E-3,178.7284E-12,-6.7600E+0,459.9676E-12,50.0000E-3,335.1768E-12,-6.7600E+0,599.4194E-12,70.0000E-3
206.9058E-12,-6.7200E+0,367.4429E-12,30.0000E-3,142.9807E-12,-6.7200E+0,465.8345E-12,50.0000E-3,304.8966E-12,-6.7200E+0,606.5079E-12,70.0000E-3
181.2517E-12,-6.6800E+0,372.6194E-12,30.0000E-3,156.8592E-12,-6.6800E+0,472.1602E-12,50.0000E-3,234.2424E-12,-6.6800E+0,613.8870E-12,70.0000E-3
176.2051E-12,-6.6400E+0,378.2206E-12,30.0000E-3,165.2705E-12,-6.6400E+0,478.3587E-12,50.0000E-3,246.0181E-12,-6.6400E+0,621.4486E-12,70.0000E-3
150.5509E-12,-6.6000E+0,383.6776E-12,30.0000E-3,213.6351E-12,-6.6000E+0,484.5884E-12,50.0000E-3,291.8592E-12,-6.6000E+0,628.6133E-12,70.0000E-3
187.1396E-12,-6.5600E+0,389.4678E-12,30.0000E-3,164.0088E-12,-6.5600E+0,491.0817E-12,50.0000E-3,280.5041E-12,-6.5600E+0,636.4432E-12,70.0000E-3
177.0462E-12,-6.5200E+0,394.9188E-12,30.0000E-3,177.4667E-12,-6.5200E+0,497.1091E-12,50.0000E-3,288.9153E-12,-6.5200E+0,643.7790E-12,70.0000E-3
241.8126E-12,-6.4800E+0,400.6805E-12,30.0000E-3,91.2518E-12,-6.4800E+0,507.3821E-12,50.0000E-3,222.8873E-12,-6.4800E+0,651.2488E-12,70.0000E-3
179.9900E-12,-6.4400E+0,406.5594E-12,30.0000E-3,132.0462E-12,-6.4400E+0,513.6706E-12,50.0000E-3,238.0274E-12,-6.4400E+0,659.3471E-12,70.0000E-3
121.5321E-12,-6.4000E+0,412.1905E-12,30.0000E-3,112.7003E-12,-6.4000E+0,520.0128E-12,50.0000E-3,279.2424E-12,-6.4000E+0,666.8466E-12,70.0000E-3
231.7191E-12,-6.3600E+0,418.1376E-12,30.0000E-3,123.6351E-12,-6.3600E+0,526.7226E-12,50.0000E-3,256.1116E-12,-6.3600E+0,674.9838E-12,70.0000E-3
159.3827E-12,-6.3200E+0,424.1140E-12,30.0000E-3,127.4201E-12,-6.3200E+0,532.8747E-12,50.0000E-3,233.8216E-12,-6.3200E+0,682.7595E-12,70.0000E-3
222.8873E-12,-6.2800E+0,430.0726E-12,30.0000E-3,113.1211E-12,-6.2800E+0,539.7114E-12,50.0000E-3,192.1865E-12,-6.2800E+0,690.8260E-12,70.0000E-3
161.0649E-12,-6.2400E+0,436.1354E-12,30.0000E-3,95.8779E-12,-6.2400E+0,546.0760E-12,50.0000E-3,240.5509E-12,-6.2400E+0,698.9955E-12,70.0000E-3
157.7005E-12,-6.2000E+0,442.3770E-12,30.0000E-3,186.2985E-12,-6.2000E+0,552.7439E-12,50.0000E-3,197.6537E-12,-6.2000E+0,707.4050E-12,70.0000E-3
189.6630E-12,-6.1600E+0,448.5170E-12,30.0000E-3,144.6629E-12,-6.1600E+0,559.1711E-12,50.0000E-3,257.3732E-12,-6.1600E+0,715.4799E-12,70.0000E-3
195.1304E-12,-6.1200E+0,454.9034E-12,30.0000E-3,150.1304E-12,-6.1200E+0,566.2383E-12,50.0000E-3,206.9058E-12,-6.1200E+0,723.8933E-12,70.0000E-3
156.8592E-12,-6.0800E+0,461.0862E-12,30.0000E-3,97.5601E-12,-6.0800E+0,572.6128E-12,50.0000E-3,216.5788E-12,-6.0800E+0,732.4409E-12,70.0000E-3
132.0462E-12,-6.0400E+0,467.6148E-12,30.0000E-3,171.5788E-12,-6.0400E+0,579.7858E-12,50.0000E-3,260.7377E-12,-6.0400E+0,741.0551E-12,70.0000E-3
194.7098E-12,-6.0000E+0,473.9050E-12,30.0000E-3,117.7471E-12,-6.0000E+0,586.6522E-12,50.0000E-3,203.5416E-12,-6.0000E+0,749.6357E-12,70.0000E-3
170.3171E-12,-5.9600E+0,480.6067E-12,30.0000E-3,140.0369E-12,-5.9600E+0,593.6089E-12,50.0000E-3,264.1021E-12,-5.9600E+0,758.4601E-12,70.0000E-3
211.1116E-12,-5.9200E+0,486.9384E-12,30.0000E-3,139.6163E-12,-5.9200E+0,600.7620E-12,50.0000E-3,250.2236E-12,-5.9200E+0,767.3120E-12,70.0000E-3
164.4294E-12,-5.8800E+0,493.7985E-12,30.0000E-3,127.8406E-12,-5.8800E+0,607.9681E-12,50.0000E-3,285.9712E-12,-5.8800E+0,775.8871E-12,70.0000E-3
170.3171E-12,-5.8400E+0,504.1043E-12,30.0000E-3,142.1396E-12,-5.8400E+0,615.3306E-12,50.0000E-3,277.9805E-12,-5.8400E+0,784.8324E-12,70.0000E-3
235.5041E-12,-5.8000E+0,510.4465E-12,30.0000E-3,132.0462E-12,-5.8000E+0,622.8183E-12,50.0000E-3,280.0835E-12,-5.8000E+0,794.2239E-12,70.0000E-3
243.0742E-12,-5.7600E+0,516.8425E-12,30.0000E-3,97.1396E-12,-5.7600E+0,629.9790E-12,50.0000E-3,243.4948E-12,-5.7600E+0,803.3658E-12,70.0000E-3
209.4294E-12,-5.7200E+0,523.3280E-12,30.0000E-3,137.9341E-12,-5.7200E+0,637.4861E-12,50.0000E-3,282.1863E-12,-5.7200E+0,812.5449E-12,70.0000E-3
160.6444E-12,-5.6800E+0,530.0059E-12,30.0000E-3,205.2236E-12,-5.6800E+0,645.0411E-12,50.0000E-3,239.7096E-12,-5.6800E+0,821.7946E-12,70.0000E-3
129.9434E-12,-5.6400E+0,536.6790E-12,30.0000E-3,220.7845E-12,-5.6400E+0,652.5847E-12,50.0000E-3,267.8873E-12,-5.6400E+0,831.6008E-12,70.0000E-3
225.4106E-12,-5.6000E+0,543.3205E-12,30.0000E-3,227.0928E-12,-5.6000E+0,660.3464E-12,50.0000E-3,281.7657E-12,-5.6000E+0,840.9753E-12,70.0000E-3
197.2331E-12,-5.5600E+0,550.3785E-12,30.0000E-3,203.9620E-12,-5.5600E+0,668.0530E-12,50.0000E-3,241.8126E-12,-5.5600E+0,850.8274E-12,70.0000E-3
153.4948E-12,-5.5200E+0,557.2794E-12,30.0000E-3,190.9246E-12,-5.5200E+0,675.9718E-12,50.0000E-3,221.6256E-12,-5.5200E+0,860.3647E-12,70.0000E-3
189.2424E-12,-5.4800E+0,563.7988E-12,30.0000E-3,151.3920E-12,-5.4800E+0,683.6199E-12,50.0000E-3,197.6537E-12,-5.4800E+0,870.3401E-12,70.0000E-3
182.0930E-12,-5.4400E+0,570.9807E-12,30.0000E-3,147.6070E-12,-5.4400E+0,691.9947E-12,50.0000E-3,308.2610E-12,-5.4400E+0,880.2803E-12,70.0000E-3
175.7845E-12,-5.4000E+0,577.7684E-12,30.0000E-3,194.7098E-12,-5.4000E+0,699.5201E-12,50.0000E-3,264.5226E-12,-5.4000E+0,890.3478E-12,70.0000E-3
172.8404E-12,-5.3600E+0,584.8632E-12,30.0000E-3,164.0088E-12,-5.3600E+0,707.6817E-12,50.0000E-3,223.3078E-12,-5.3600E+0,900.3920E-12,70.0000E-3
164.4294E-12,-5.3200E+0,592.0454E-12,30.0000E-3,174.9434E-12,-5.3200E+0,716.2317E-12,50.0000E-3,254.4294E-12,-5.3200E+0,910.6752E-12,70.0000E-3
134.5695E-12,-5.2800E+0,598.9976E-12,30.0000E-3,181.6722E-12,-5.2800E+0,724.3481E-12,50.0000E-3,210.2705E-12,-5.2800E+0,920.8758E-12,70.0000E-3
170.3171E-12,-5.2400E+0,606.1587E-12,30.0000E-3,127.8406E-12,-5.2400E+0,732.8048E-12,50.0000E-3,187.9807E-12,-5.2400E+0,931.4134E-12,70.0000E-3
236.3452E-12,-5.2000E+0,613.6816E-12,30.0000E-3,77.7939E-12,-5.2000E+0,741.2267E-12,50.0000E-3,171.5788E-12,-5.2000E+0,941.9787E-12,70.0000E-3
177.4667E-12,-5.1600E+0,620.7510E-12,30.0000E-3,124.0557E-12,-5.1600E+0,749.6801E-12,50.0000E-3,195.9715E-12,-5.1600E+0,952.5006E-12,70.0000E-3
158.9622E-12,-5.1200E+0,628.3193E-12,30.0000E-3,126.5790E-12,-5.1200E+0,758.5662E-12,50.0000E-3,238.0274E-12,-5.1200E+0,963.3959E-12,70.0000E-3
224.1489E-12,-5.0800E+0,635.6601E-12,30.0000E-3,44.1491E-12,-5.0800E+0,767.1471E-12,50.0000E-3,201.8592E-12,-5.0800E+0,974.1594E-12,70.0000E-3
222.0462E-12,-5.0400E+0,643.4654E-12,30.0000E-3,167.3732E-12,-5.0400E+0,775.9676E-12,50.0000E-3,199.3359E-12,-5.0400E+0,985.3225E-12,70.0000E-3
183.3547E-12,-5.0000E+0,651.0150E-12,30.0000E-3,153.0742E-12,-5.0000E+0,784.9169E-12,50.0000E-3,205.6442E-12,-5.0000E+0,996.1141E-12,70.0000E-3
207.7472E-12,-4.9600E+0,658.9936E-12,30.0000E-3,129.5228E-12,-4.9600E+0,793.7924E-12,50.0000E-3,153.4948E-12,-4.9600E+0,1.0074E-9,70.0000E-3
209.0088E-12,-4.9200E+0,666.4011E-12,30.0000E-3,129.1023E-12,-4.9200E+0,802.4783E-12,50.0000E-3,201.8592E-12,-4.9200E+0,1.0186E-9,70.0000E-3
171.9995E-12,-4.8800E+0,674.5057E-12,30.0000E-3,153.9153E-12,-4.8800E+0,811.8737E-12,50.0000E-3,105.5509E-12,-4.8800E+0,1.0301E-9,70.0000E-3
211.1116E-12,-4.8400E+0,681.9738E-12,30.0000E-3,184.1955E-12,-4.8400E+0,821.2301E-12,50.0000E-3,177.0462E-12,-4.8400E+0,1.0416E-9,70.0000E-3
221.6256E-12,-4.8000E+0,690.2864E-12,30.0000E-3,113.5416E-12,-4.8000E+0,830.3654E-12,50.0000E-3,156.0181E-12,-4.8000E+0,1.0533E-9,70.0000E-3
182.9339E-12,-4.7600E+0,698.2988E-12,30.0000E-3,145.9246E-12,-4.7600E+0,839.7603E-12,50.0000E-3,187.5602E-12,-4.7600E+0,1.0648E-9,70.0000E-3
134.1489E-12,-4.7200E+0,706.3659E-12,30.0000E-3,199.3359E-12,-4.7200E+0,849.4550E-12,50.0000E-3,203.1209E-12,-4.7200E+0,1.0770E-9,70.0000E-3
178.7284E-12,-4.6800E+0,714.4316E-12,30.0000E-3,96.2985E-12,-4.6800E+0,859.1399E-12,50.0000E-3,199.3359E-12,-4.6800E+0,1.0889E-9,70.0000E-3
189.6630E-12,-4.6400E+0,722.8174E-12,30.0000E-3,100.0835E-12,-4.6400E+0,868.6256E-12,50.0000E-3,224.1489E-12,-4.6400E+0,1.1007E-9,70.0000E-3
156.8592E-12,-4.6000E+0,730.7955E-12,30.0000E-3,155.5975E-12,-4.6000E+0,878.5023E-12,50.0000E-3,213.6351E-12,-4.6000E+0,1.1129E-9,70.0000E-3
192.1865E-12,-4.5600E+0,739.2452E-12,30.0000E-3,111.0183E-12,-4.5600E+0,888.4713E-12,50.0000E-3,257.7938E-12,-4.5600E+0,1.1253E-9,70.0000E-3
208.1675E-12,-4.5200E+0,747.6142E-12,30.0000E-3,195.5507E-12,-4.5200E+0,898.2973E-12,50.0000E-3,235.9246E-12,-4.5200E+0,1.1378E-9,70.0000E-3
134.1489E-12,-4.4800E+0,756.2891E-12,30.0000E-3,107.6537E-12,-4.4800E+0,908.6724E-12,50.0000E-3,283.8685E-12,-4.4800E+0,1.1504E-9,70.0000E-3
175.3639E-12,-4.4400E+0,764.8507E-12,30.0000E-3,114.8033E-12,-4.4400E+0,918.7275E-12,50.0000E-3,260.7377E-12,-4.4400E+0,1.1630E-9,70.0000E-3
133.7286E-12,-4.4000E+0,773.4576E-12,30.0000E-3,211.1116E-12,-4.4000E+0,928.8867E-12,50.0000E-3,235.5041E-12,-4.4000E+0,1.1760E-9,70.0000E-3
182.5133E-12,-4.3600E+0,782.0594E-12,30.0000E-3,112.2800E-12,-4.3600E+0,939.1038E-12,50.0000E-3,175.3639E-12,-4.3600E+0,1.1887E-9,70.0000E-3
129.5228E-12,-4.3200E+0,791.1249E-12,30.0000E-3,156.8592E-12,-4.3200E+0,949.5149E-12,50.0000E-3,243.4948E-12,-4.3200E+0,1.2019E-9,70.0000E-3
144.2424E-12,-4.2800E+0,799.8769E-12,30.0000E-3,156.0181E-12,-4.2800E+0,960.1008E-12,50.0000E-3,296.9058E-12,-4.2800E+0,1.2152E-9,70.0000E-3
156.4389E-12,-4.2400E+0,808.5978E-12,30.0000E-3,113.5416E-12,-4.2400E+0,970.7549E-12,50.0000E-3,274.1956E-12,-4.2400E+0,1.2283E-9,70.0000E-3
198.4948E-12,-4.2000E+0,817.4862E-12,30.0000E-3,158.9622E-12,-4.2000E+0,981.5981E-12,50.0000E-3,344.8497E-12,-4.2000E+0,1.2418E-9,70.0000E-3
110.1770E-12,-4.1600E+0,826.8292E-12,30.0000E-3,198.0742E-12,-4.1600E+0,992.2483E-12,50.0000E-3,307.8404E-12,-4.1600E+0,1.2555E-9,70.0000E-3
108.0744E-12,-4.1200E+0,835.7287E-12,30.0000E-3,174.5228E-12,-4.1200E+0,1.0031E-9,50.0000E-3,295.6442E-12,-4.1200E+0,1.2689E-9,70.0000E-3
116.9060E-12,-4.0800E+0,844.7953E-12,30.0000E-3,188.8218E-12,-4.0800E+0,1.0139E-9,50.0000E-3,322.9805E-12,-4.0800E+0,1.2828E-9,70.0000E-3
144.2424E-12,-4.0400E+0,853.7905E-12,30.0000E-3,238.4479E-12,-4.0400E+0,1.0255E-9,50.0000E-3,259.4760E-12,-4.0400E+0,1.2969E-9,70.0000E-3
157.7005E-12,-4.0000E+0,863.2106E-12,30.0000E-3,220.3639E-12,-4.0000E+0,1.0365E-9,50.0000E-3,304.8966E-12,-4.0000E+0,1.3108E-9,70.0000E-3
127.8406E-12,-3.9600E+0,872.5782E-12,30.0000E-3,226.2517E-12,-3.9600E+0,1.0480E-9,50.0000E-3,245.1770E-12,-3.9600E+0,1.3251E-9,70.0000E-3
163.5883E-12,-3.9200E+0,882.2076E-12,30.0000E-3,176.2051E-12,-3.9200E+0,1.0595E-9,50.0000E-3,248.5414E-12,-3.9200E+0,1.3394E-9,70.0000E-3
143.4013E-12,-3.8800E+0,891.4380E-12,30.0000E-3,261.5788E-12,-3.8800E+0,1.0713E-9,50.0000E-3,204.3825E-12,-3.8800E+0,1.3541E-9,70.0000E-3
207.7472E-12,-3.8400E+0,901.2733E-12,30.0000E-3,265.7845E-12,-3.8400E+0,1.0828E-9,50.0000E-3,182.5133E-12,-3.8400E+0,1.3686E-9,70.0000E-3
182.9339E-12,-3.8000E+0,910.7322E-12,30.0000E-3,254.8499E-12,-3.8000E+0,1.0945E-9,50.0000E-3,223.7284E-12,-3.8000E+0,1.3833E-9,70.0000E-3
158.5414E-12,-3.7600E+0,920.3683E-12,30.0000E-3,156.4389E-12,-3.7600E+0,1.1064E-9,50.0000E-3,279.6627E-12,-3.7600E+0,1.3983E-9,70.0000E-3
177.8873E-12,-3.7200E+0,930.0849E-12,30.0000E-3,244.7564E-12,-3.7200E+0,1.1183E-9,50.0000E-3,246.4386E-12,-3.7200E+0,1.4133E-9,70.0000E-3
138.7752E-12,-3.6800E+0,939.8700E-12,30.0000E-3,306.1582E-12,-3.6800E+0,1.1306E-9,50.0000E-3,251.9061E-12,-3.6800E+0,1.4288E-9,70.0000E-3
84.5228E-12,-3.6400E+0,950.0530E-12,30.0000E-3,197.2331E-12,-3.6400E+0,1.1429E-9,50.0000E-3,234.2424E-12,-3.6400E+0,1.4439E-9,70.0000E-3
151.8126E-12,-3.6000E+0,959.7275E-12,30.0000E-3,194.2890E-12,-3.6000E+0,1.1552E-9,50.0000E-3,289.7562E-12,-3.6000E+0,1.4593E-9,70.0000E-3
142.5602E-12,-3.5600E+0,969.8714E-12,30.0000E-3,235.0835E-12,-3.5600E+0,1.1674E-9,50.0000E-3,247.7003E-12,-3.5600E+0,1.4747E-9,70.0000E-3
183.7752E-12,-3.5200E+0,979.6045E-12,30.0000E-3,206.4855E-12,-3.5200E+0,1.1800E-9,50.0000E-3,223.3078E-12,-3.5200E+0,1.4904E-9,70.0000E-3
220.3639E-12,-3.4800E+0,989.8397E-12,30.0000E-3,254.0086E-12,-3.4800E+0,1.1925E-9,50.0000E-3,185.4572E-12,-3.4800E+0,1.5063E-9,70.0000E-3
232.9807E-12,-3.4400E+0,1.0001E-9,30.0000E-3,240.5509E-12,-3.4400E+0,1.2054E-9,50.0000E-3,205.2236E-12,-3.4400E+0,1.5225E-9,70.0000E-3
176.2051E-12,-3.4000E+0,1.0102E-9,30.0000E-3,196.8123E-12,-3.4000E+0,1.2181E-9,50.0000E-3,251.9061E-12,-3.4000E+0,1.5384E-9,70.0000E-3
158.5414E-12,-3.3600E+0,1.0205E-9,30.0000E-3,221.2048E-12,-3.3600E+0,1.2311E-9,50.0000E-3,221.6256E-12,-3.3600E+0,1.5549E-9,70.0000E-3
182.9339E-12,-3.3200E+0,1.0307E-9,30.0000E-3,204.3825E-12,-3.3200E+0,1.2440E-9,50.0000E-3,259.8965E-12,-3.3200E+0,1.5715E-9,70.0000E-3
190.9246E-12,-3.2800E+0,1.0410E-9,30.0000E-3,175.3639E-12,-3.2800E+0,1.2572E-9,50.0000E-3,219.1023E-12,-3.2800E+0,1.5876E-9,70.0000E-3
189.6630E-12,-3.2400E+0,1.0512E-9,30.0000E-3,229.1958E-12,-3.2400E+0,1.2702E-9,50.0000E-3,246.8592E-12,-3.2400E+0,1.6045E-9,70.0000E-3
170.3171E-12,-3.2000E+0,1.0618E-9,30.0000E-3,215.7376E-12,-3.2000E+0,1.2839E-9,50.0000E-3,232.9807E-12,-3.2000E+0,1.6216E-9,70.0000E-3
212.7938E-12,-3.1600E+0,1.0725E-9,30.0000E-3,287.6537E-12,-3.1600E+0,1.2973E-9,50.0000E-3,281.7657E-12,-3.1600E+0,1.6385E-9,70.0000E-3
224.5695E-12,-3.1200E+0,1.0829E-9,30.0000E-3,264.5226E-12,-3.1200E+0,1.3113E-9,50.0000E-3,264.5226E-12,-3.1200E+0,1.6559E-9,70.0000E-3
179.5695E-12,-3.0800E+0,1.0936E-9,30.0000E-3,271.6722E-12,-3.0800E+0,1.3248E-9,50.0000E-3,256.5321E-12,-3.0800E+0,1.6730E-9,70.0000E-3
132.4669E-12,-3.0400E+0,1.1039E-9,30.0000E-3,346.5319E-12,-3.0400E+0,1.3387E-9,50.0000E-3,248.9620E-12,-3.0400E+0,1.6905E-9,70.0000E-3
214.0554E-12,-3.0000E+0,1.1147E-9,30.0000E-3,280.5041E-12,-3.0000E+0,1.3523E-9,50.0000E-3,258.6349E-12,-3.0000E+0,1.7084E-9,70.0000E-3
200.1770E-12,-2.9600E+0,1.1254E-9,30.0000E-3,317.9339E-12,-2.9600E+0,1.3664E-9,50.0000E-3,259.4760E-12,-2.9600E+0,1.7258E-9,70.0000E-3
205.6442E-12,-2.9200E+0,1.1367E-9,30.0000E-3,314.1489E-12,-2.9200E+0,1.3807E-9,50.0000E-3,299.8497E-12,-2.9200E+0,1.7437E-9,70.0000E-3
187.9807E-12,-2.8800E+0,1.1471E-9,30.0000E-3,260.7377E-12,-2.8800E+0,1.3949E-9,50.0000E-3,314.1489E-12,-2.8800E+0,1.7619E-9,70.0000E-3
181.2517E-12,-2.8400E+0,1.1581E-9,30.0000E-3,280.5041E-12,-2.8400E+0,1.4094E-9,50.0000E-3,260.3171E-12,-2.8400E+0,1.7801E-9,70.0000E-3
160.2238E-12,-2.8000E+0,1.1692E-9,30.0000E-3,292.2795E-12,-2.8000E+0,1.4238E-9,50.0000E-3,254.0086E-12,-2.8000E+0,1.7984E-9,70.0000E-3
135.8311E-12,-2.7600E+0,1.1797E-9,30.0000E-3,240.1301E-12,-2.7600E+0,1.4382E-9,50.0000E-3,267.8873E-12,-2.7600E+0,1.8170E-9,70.0000E-3
170.7379E-12,-2.7200E+0,1.1907E-9,30.0000E-3,238.8685E-12,-2.7200E+0,1.4529E-9,50.0000E-3,254.0086E-12,-2.7200E+0,1.8358E-9,70.0000E-3
217.8406E-12,-2.6800E+0,1.2020E-9,30.0000E-3,311.2048E-12,-2.6800E+0,1.4679E-9,50.0000E-3,301.9527E-12,-2.6800E+0,1.8546E-9,70.0000E-3
162.7471E-12,-2.6400E+0,1.2131E-9,30.0000E-3,268.3078E-12,-2.6400E+0,1.4828E-9,50.0000E-3,207.3266E-12,-2.6400E+0,1.8735E-9,70.0000E-3
100.5043E-12,-2.6000E+0,1.2241E-9,30.0000E-3,222.8873E-12,-2.6000E+0,1.4980E-9,50.0000E-3,233.8216E-12,-2.6000E+0,1.8927E-9,70.0000E-3
171.1582E-12,-2.5600E+0,1.2353E-9,30.0000E-3,313.7282E-12,-2.5600E+0,1.5130E-9,50.0000E-3,245.1770E-12,-2.5600E+0,1.9120E-9,70.0000E-3
113.1211E-12,-2.5200E+0,1.2466E-9,30.0000E-3,270.8311E-12,-2.5200E+0,1.5282E-9,50.0000E-3,224.9900E-12,-2.5200E+0,1.9316E-9,70.0000E-3
165.2705E-12,-2.4800E+0,1.2577E-9,30.0000E-3,227.9341E-12,-2.4800E+0,1.5433E-9,50.0000E-3,187.5602E-12,-2.4800E+0,1.9508E-9,70.0000E-3
168.6349E-12,-2.4400E+0,1.2687E-9,30.0000E-3,221.2048E-12,-2.4400E+0,1.5586E-9,50.0000E-3,279.6627E-12,-2.4400E+0,1.9705E-9,70.0000E-3
155.1772E-12,-2.4000E+0,1.2802E-9,30.0000E-3,243.0742E-12,-2.4000E+0,1.5743E-9,50.0000E-3,280.0835E-12,-2.4000E+0,1.9905E-9,70.0000E-3
102.1865E-12,-2.3600E+0,1.2912E-9,30.0000E-3,234.6630E-12,-2.3600E+0,1.5900E-9,50.0000E-3,213.6351E-12,-2.3600E+0,2.0104E-9,70.0000E-3
110.5978E-12,-2.3200E+0,1.3028E-9,30.0000E-3,243.4948E-12,-2.3200E+0,1.6058E-9,50.0000E-3,219.5226E-12,-2.3200E+0,2.0310E-9,70.0000E-3
129.1023E-12,-2.2800E+0,1.3139E-9,30.0000E-3,233.8216E-12,-2.2800E+0,1.6217E-9,50.0000E-3,252.3264E-12,-2.2800E+0,2.0512E-9,70.0000E-3
129.9434E-12,-2.2400E+0,1.3256E-9,30.0000E-3,251.0647E-12,-2.2400E+0,1.6375E-9,50.0000E-3,212.3732E-12,-2.2400E+0,2.0719E-9,70.0000E-3
150.1304E-12,-2.2000E+0,1.3367E-9,30.0000E-3,259.8965E-12,-2.2000E+0,1.6535E-9,50.0000E-3,213.6351E-12,-2.2000E+0,2.0922E-9,70.0000E-3
97.5601E-12,-2.1600E+0,1.3482E-9,30.0000E-3,273.3545E-12,-2.1600E+0,1.6697E-9,50.0000E-3,219.5226E-12,-2.1600E+0,2.1131E-9,70.0000E-3
149.7098E-12,-2.1200E+0,1.3594E-9,30.0000E-3,212.3732E-12,-2.1200E+0,1.6859E-9,50.0000E-3,298.5880E-12,-2.1200E+0,2.1341E-9,70.0000E-3
168.2143E-12,-2.0800E+0,1.3710E-9,30.0000E-3,267.0462E-12,-2.0800E+0,1.7023E-9,50.0000E-3,304.0554E-12,-2.0800E+0,2.1554E-9,70.0000E-3
211.1116E-12,-2.0400E+0,1.3827E-9,30.0000E-3,218.6817E-12,-2.0400E+0,1.7189E-9,50.0000E-3,248.9620E-12,-2.0400E+0,2.1768E-9,70.0000E-3
199.7564E-12,-2.0000E+0,1.3940E-9,30.0000E-3,262.8404E-12,-2.0000E+0,1.7354E-9,50.0000E-3,336.8590E-12,-2.0000E+0,2.1983E-9,70.0000E-3
247.7003E-12,-1.9600E+0,1.4053E-9,30.0000E-3,284.7096E-12,-1.9600E+0,1.7523E-9,50.0000E-3,339.8031E-12,-1.9600E+0,2.2194E-9,70.0000E-3
198.9153E-12,-1.9200E+0,1.4167E-9,30.0000E-3,222.4665E-12,-1.9200E+0,1.7687E-9,50.0000E-3,247.2798E-12,-1.9200E+0,2.2411E-9,70.0000E-3
170.7379E-12,-1.8800E+0,1.4282E-9,30.0000E-3,251.9061E-12,-1.8800E+0,1.7857E-9,50.0000E-3,243.0742E-12,-1.8800E+0,2.2633E-9,70.0000E-3
197.6537E-12,-1.8400E+0,1.4396E-9,30.0000E-3,232.9807E-12,-1.8400E+0,1.8027E-9,50.0000E-3,260.3171E-12,-1.8400E+0,2.2854E-9,70.0000E-3
177.0462E-12,-1.8000E+0,1.4513E-9,30.0000E-3,216.5788E-12,-1.8000E+0,1.8198E-9,50.0000E-3,173.2612E-12,-1.8000E+0,2.3076E-9,70.0000E-3
131.2050E-12,-1.7600E+0,1.4629E-9,30.0000E-3,267.0462E-12,-1.7600E+0,1.8370E-9,50.0000E-3,147.6070E-12,-1.7600E+0,2.3303E-9,70.0000E-3
206.4855E-12,-1.7200E+0,1.4743E-9,30.0000E-3,296.4853E-12,-1.7200E+0,1.8544E-9,50.0000E-3,253.5883E-12,-1.7200E+0,2.3529E-9,70.0000E-3
184.1955E-12,-1.6800E+0,1.4855E-9,30.0000E-3,262.4199E-12,-1.6800E+0,1.8717E-9,50.0000E-3,285.1301E-12,-1.6800E+0,2.3753E-9,70.0000E-3
177.8873E-12,-1.6400E+0,1.4977E-9,30.0000E-3,257.7938E-12,-1.6400E+0,1.8895E-9,50.0000E-3,319.6161E-12,-1.6400E+0,2.3983E-9,70.0000E-3
223.3078E-12,-1.6000E+0,1.5090E-9,30.0000E-3,246.0181E-12,-1.6000E+0,1.9070E-9,50.0000E-3,236.3452E-12,-1.6000E+0,2.4216E-9,70.0000E-3
181.6722E-12,-1.5600E+0,1.5205E-9,30.0000E-3,227.9341E-12,-1.5600E+0,1.9244E-9,50.0000E-3,195.5507E-12,-1.5600E+0,2.4448E-9,70.0000E-3
170.7379E-12,-1.5200E+0,1.5322E-9,30.0000E-3,248.5414E-12,-1.5200E+0,1.9423E-9,50.0000E-3,233.4013E-12,-1.5200E+0,2.4683E-9,70.0000E-3
153.9153E-12,-1.4800E+0,1.5438E-9,30.0000E-3,220.3639E-12,-1.4800E+0,1.9604E-9,50.0000E-3,179.9900E-12,-1.4800E+0,2.4915E-9,70.0000E-3
215.3171E-12,-1.4400E+0,1.5554E-9,30.0000E-3,262.4199E-12,-1.4400E+0,1.9784E-9,50.0000E-3,185.8780E-12,-1.4400E+0,2.5153E-9,70.0000E-3
221.6256E-12,-1.4000E+0,1.5667E-9,30.0000E-3,272.9339E-12,-1.4000E+0,1.9963E-9,50.0000E-3,174.9434E-12,-1.4000E+0,2.5389E-9,70.0000E-3
169.0557E-12,-1.3600E+0,1.5785E-9,30.0000E-3,232.9807E-12,-1.3600E+0,2.0147E-9,50.0000E-3,209.0088E-12,-1.3600E+0,2.5629E-9,70.0000E-3
206.0649E-12,-1.3200E+0,1.5899E-9,30.0000E-3,216.5788E-12,-1.3200E+0,2.0331E-9,50.0000E-3,227.5133E-12,-1.3200E+0,2.5869E-9,70.0000E-3
142.9807E-12,-1.2800E+0,1.6016E-9,30.0000E-3,216.9993E-12,-1.2800E+0,2.0513E-9,50.0000E-3,178.7284E-12,-1.2800E+0,2.6116E-9,70.0000E-3
177.0462E-12,-1.2400E+0,1.6134E-9,30.0000E-3,213.6351E-12,-1.2400E+0,2.0695E-9,50.0000E-3,160.6444E-12,-1.2400E+0,2.6364E-9,70.0000E-3
186.2985E-12,-1.2000E+0,1.6250E-9,30.0000E-3,279.6627E-12,-1.2000E+0,2.0887E-9,50.0000E-3,203.5416E-12,-1.2000E+0,2.6607E-9,70.0000E-3
195.1304E-12,-1.1600E+0,1.6361E-9,30.0000E-3,272.9339E-12,-1.1600E+0,2.1072E-9,50.0000E-3,255.2702E-12,-1.1600E+0,2.6855E-9,70.0000E-3
177.8873E-12,-1.1200E+0,1.6476E-9,30.0000E-3,283.8685E-12,-1.1200E+0,2.1259E-9,50.0000E-3,246.0181E-12,-1.1200E+0,2.7103E-9,70.0000E-3
71.0649E-12,-1.0800E+0,1.6594E-9,30.0000E-3,345.6908E-12,-1.0800E+0,2.1446E-9,50.0000E-3,238.0274E-12,-1.0800E+0,2.7354E-9,70.0000E-3
196.8123E-12,-1.0400E+0,1.6711E-9,30.0000E-3,271.2517E-12,-1.0400E+0,2.1637E-9,50.0000E-3,274.1956E-12,-1.0400E+0,2.7608E-9,70.0000E-3
156.0181E-12,-1.0000E+0,1.6821E-9,30.0000E-3,281.3452E-12,-1.0000E+0,2.1829E-9,50.0000E-3,237.6068E-12,-1.0000E+0,2.7862E-9,70.0000E-3
195.1304E-12,-960.0000E-3,1.6939E-9,30.0000E-3,222.0462E-12,-960.0000E-3,2.2019E-9,50.0000E-3,216.5788E-12,-960.0000E-3,2.8120E-9,70.0000E-3
221.2048E-12,-920.0000E-3,1.7058E-9,30.0000E-3,231.7191E-12,-920.0000E-3,2.2214E-9,50.0000E-3,201.8592E-12,-920.0000E-3,2.8375E-9,70.0000E-3
192.1865E-12,-880.0000E-3,1.7172E-9,30.0000E-3,342.7469E-12,-880.0000E-3,2.2405E-9,50.0000E-3,148.0276E-12,-880.0000E-3,2.8638E-9,70.0000E-3
219.1023E-12,-840.0000E-3,1.7285E-9,30.0000E-3,284.2890E-12,-840.0000E-3,2.2597E-9,50.0000E-3,173.2612E-12,-840.0000E-3,2.8893E-9,70.0000E-3
161.4855E-12,-800.0000E-3,1.7399E-9,30.0000E-3,260.7377E-12,-800.0000E-3,2.2797E-9,50.0000E-3,187.9807E-12,-800.0000E-3,2.9152E-9,70.0000E-3
140.0369E-12,-760.0000E-3,1.7514E-9,30.0000E-3,267.0462E-12,-760.0000E-3,2.2986E-9,50.0000E-3,199.3359E-12,-760.0000E-3,2.9419E-9,70.0000E-3
67.7005E-12,-720.0000E-3,1.7630E-9,30.0000E-3,239.2893E-12,-720.0000E-3,2.3184E-9,50.0000E-3,226.6722E-12,-720.0000E-3,2.9683E-9,70.0000E-3
164.0088E-12,-680.0000E-3,1.7745E-9,30.0000E-3,351.1582E-12,-680.0000E-3,2.3379E-9,50.0000E-3,240.1301E-12,-680.0000E-3,2.9950E-9,70.0000E-3
231.2983E-12,-640.0000E-3,1.7859E-9,30.0000E-3,304.4760E-12,-640.0000E-3,2.3582E-9,50.0000E-3,259.8965E-12,-640.0000E-3,3.0218E-9,70.0000E-3
132.0462E-12,-600.0000E-3,1.7975E-9,30.0000E-3,258.6349E-12,-600.0000E-3,2.3777E-9,50.0000E-3,191.3452E-12,-600.0000E-3,3.0484E-9,70.0000E-3
147.1863E-12,-560.0000E-3,1.8088E-9,30.0000E-3,320.8778E-12,-560.0000E-3,2.3973E-9,50.0000E-3,211.1116E-12,-560.0000E-3,3.0753E-9,70.0000E-3
83.2611E-12,-520.0000E-3,1.8198E-9,30.0000E-3,299.0088E-12,-520.0000E-3,2.4176E-9,50.0000E-3,210.2705E-12,-520.0000E-3,3.1024E-9,70.0000E-3
193.4481E-12,-480.0000E-3,1.8314E-9,30.0000E-3,303.2143E-12,-480.0000E-3,2.4376E-9,50.0000E-3,256.9527E-12,-480.0000E-3,3.1299E-9,70.0000E-3
124.8968E-12,-440.0000E-3,1.8427E-9,30.0000E-3,277.5602E-12,-440.0000E-3,2.4577E-9,50.0000E-3,219.1023E-12,-440.0000E-3,3.1575E-9,70.0000E-3
206.4855E-12,-400.0000E-3,1.8545E-9,30.0000E-3,281.7657E-12,-400.0000E-3,2.4781E-9,50.0000E-3,218.6817E-12,-400.0000E-3,3.1850E-9,70.0000E-3
189.2424E-12,-360.0000E-3,1.8660E-9,30.0000E-3,280.9244E-12,-360.0000E-3,2.4985E-9,50.0000E-3,154.3359E-12,-360.0000E-3,3.2131E-9,70.0000E-3
226.6722E-12,-320.0000E-3,1.8771E-9,30.0000E-3,278.8219E-12,-320.0000E-3,2.5185E-9,50.0000E-3,198.4948E-12,-320.0000E-3,3.2405E-9,70.0000E-3
147.1863E-12,-280.0000E-3,1.8884E-9,30.0000E-3,317.0928E-12,-280.0000E-3,2.5386E-9,50.0000E-3,194.7098E-12,-280.0000E-3,3.2687E-9,70.0000E-3
237.1863E-12,-240.0000E-3,1.8998E-9,30.0000E-3,239.2893E-12,-240.0000E-3,2.5597E-9,50.0000E-3,284.7096E-12,-240.0000E-3,3.2973E-9,70.0000E-3
218.2610E-12,-200.0000E-3,1.9109E-9,30.0000E-3,267.8873E-12,-200.0000E-3,2.5805E-9,50.0000E-3,146.7659E-12,-200.0000E-3,3.3256E-9,70.0000E-3
241.3918E-12,-160.0000E-3,1.9223E-9,30.0000E-3,341.9058E-12,-160.0000E-3,2.6007E-9,50.0000E-3,106.3920E-12,-160.0000E-3,3.3540E-9,70.0000E-3
197.2331E-12,-120.0000E-3,1.9338E-9,30.0000E-3,296.4853E-12,-120.0000E-3,2.6214E-9,50.0000E-3,208.5883E-12,-120.0000E-3,3.3823E-9,70.0000E-3
172.4201E-12,-80.0000E-3,1.9453E-9,30.0000E-3,285.9712E-12,-80.0000E-3,2.6426E-9,50.0000E-3,224.5695E-12,-80.0000E-3,3.4115E-9,70.0000E-3
158.9622E-12,-40.0000E-3,1.9563E-9,30.0000E-3,274.6161E-12,-40.0000E-3,2.6629E-9,50.0000E-3,276.2985E-12,-40.0000E-3,3.4396E-9,70.0000E-3
182.9339E-12,000.0000E-3,1.9678E-9,30.0000E-3,270.4106E-12,000.0000E-3,2.6842E-9,50.0000E-3,224.1489E-12,000.0000E-3,3.4693E-9,70.0000E-3
243.4948E-12,40.0000E-3,1.9791E-9,30.0000E-3,244.7564E-12,40.0000E-3,2.7054E-9,50.0000E-3,325.0833E-12,40.0000E-3,3.4982E-9,70.0000E-3
174.9434E-12,80.0000E-3,1.9903E-9,30.0000E-3,280.5041E-12,80.0000E-3,2.7259E-9,50.0000E-3,264.5226E-12,80.0000E-3,3.5275E-9,70.0000E-3
307.4199E-12,120.0000E-3,2.0013E-9,30.0000E-3,232.5600E-12,120.0000E-3,2.7471E-9,50.0000E-3,280.5041E-12,120.0000E-3,3.5567E-9,70.0000E-3
237.6068E-12,160.0000E-3,2.0123E-9,30.0000E-3,299.0088E-12,160.0000E-3,2.7688E-9,50.0000E-3,288.0740E-12,160.0000E-3,3.5865E-9,70.0000E-3
260.3171E-12,200.0000E-3,2.0241E-9,30.0000E-3,276.7189E-12,200.0000E-3,2.7898E-9,50.0000E-3,259.8965E-12,200.0000E-3,3.6159E-9,70.0000E-3
244.7564E-12,240.0000E-3,2.0349E-9,30.0000E-3,288.0740E-12,240.0000E-3,2.8110E-9,50.0000E-3,296.9058E-12,240.0000E-3,3.6457E-9,70.0000E-3
243.9151E-12,280.0000E-3,2.0461E-9,30.0000E-3,330.1301E-12,280.0000E-3,2.8324E-9,50.0000E-3,253.5883E-12,280.0000E-3,3.6760E-9,70.0000E-3
296.4853E-12,320.0000E-3,2.0576E-9,30.0000E-3,330.9713E-12,320.0000E-3,2.8541E-9,50.0000E-3,235.9246E-12,320.0000E-3,3.7058E-9,70.0000E-3
257.3732E-12,360.0000E-3,2.0686E-9,30.0000E-3,343.1675E-12,360.0000E-3,2.8753E-9,50.0000E-3,178.7284E-12,360.0000E-3,3.7357E-9,70.0000E-3
264.1021E-12,400.0000E-3,2.0802E-9,30.0000E-3,276.2985E-12,400.0000E-3,2.8970E-9,50.0000E-3,188.8218E-12,400.0000E-3,3.7665E-9,70.0000E-3
217.8406E-12,440.0000E-3,2.0910E-9,30.0000E-3,272.5133E-12,440.0000E-3,2.9187E-9,50.0000E-3,190.9246E-12,440.0000E-3,3.7968E-9,70.0000E-3
160.6444E-12,480.0000E-3,2.1027E-9,30.0000E-3,325.9246E-12,480.0000E-3,2.9402E-9,50.0000E-3,218.2610E-12,480.0000E-3,3.8281E-9,70.0000E-3
231.2983E-12,520.0000E-3,2.1138E-9,30.0000E-3,293.5414E-12,520.0000E-3,2.9626E-9,50.0000E-3,240.9712E-12,520.0000E-3,3.8588E-9,70.0000E-3
172.4201E-12,560.0000E-3,2.1252E-9,30.0000E-3,264.5226E-12,560.0000E-3,2.9842E-9,50.0000E-3,213.2143E-12,560.0000E-3,3.8893E-9,70.0000E-3
218.6817E-12,600.0000E-3,2.1364E-9,30.0000E-3,293.5414E-12,600.0000E-3,3.0063E-9,50.0000E-3,207.7472E-12,600.0000E-3,3.9203E-9,70.0000E-3
222.4665E-12,640.0000E-3,2.1474E-9,30.0000E-3,298.5880E-12,640.0000E-3,3.0285E-9,50.0000E-3,217.4199E-12,640.0000E-3,3.9514E-9,70.0000E-3
281.3452E-12,680.0000E-3,2.1583E-9,30.0000E-3,300.6908E-12,680.0000E-3,3.0501E-9,50.0000E-3,196.8123E-12,680.0000E-3,3.9826E-9,70.0000E-3
260.3171E-12,720.0000E-3,2.1700E-9,30.0000E-3,316.2517E-12,720.0000E-3,3.0724E-9,50.0000E-3,245.5975E-12,720.0000E-3,4.0138E-9,70.0000E-3
221.2048E-12,760.0000E-3,2.1813E-9,30.0000E-3,333.9151E-12,760.0000E-3,3.0945E-9,50.0000E-3,252.3264E-12,760.0000E-3,4.0455E-9,70.0000E-3
179.1489E-12,800.0000E-3,2.1922E-9,30.0000E-3,345.6908E-12,800.0000E-3,3.1169E-9,50.0000E-3,203.5416E-12,800.0000E-3,4.0774E-9,70.0000E-3
261.9995E-12,840.0000E-3,2.2038E-9,30.0000E-3,373.4477E-12,840.0000E-3,3.1393E-9,50.0000E-3,265.7845E-12,840.0000E-3,4.1088E-9,70.0000E-3
198.0742E-12,880.0000E-3,2.2148E-9,30.0000E-3,388.5881E-12,880.0000E-3,3.1618E-9,50.0000E-3,259.8965E-12,880.0000E-3,4.1411E-9,70.0000E-3
260.7377E-12,920.0000E-3,2.2258E-9,30.0000E-3,357.8871E-12,920.0000E-3,3.1838E-9,50.0000E-3,261.5788E-12,920.0000E-3,4.1733E-9,70.0000E-3
202.7003E-12,960.0000E-3,2.2376E-9,30.0000E-3,349.8966E-12,960.0000E-3,3.2065E-9,50.0000E-3,222.8873E-12,960.0000E-3,4.2049E-9,70.0000E-3
177.8873E-12,1.0000E+0,2.2490E-9,30.0000E-3,384.3825E-12,1.0000E+0,3.2295E-9,50.0000E-3,255.6910E-12,1.0000E+0,4.2378E-9,70.0000E-3
247.7003E-12,1.0400E+0,2.2605E-9,30.0000E-3,354.1021E-12,1.0400E+0,3.2524E-9,50.0000E-3,253.1677E-12,1.0400E+0,4.2700E-9,70.0000E-3
291.4387E-12,1.0800E+0,2.2715E-9,30.0000E-3,374.2890E-12,1.0800E+0,3.2755E-9,50.0000E-3,280.5041E-12,1.0800E+0,4.3027E-9,70.0000E-3
228.3544E-12,1.1200E+0,2.2831E-9,30.0000E-3,325.9246E-12,1.1200E+0,3.2983E-9,50.0000E-3,195.9715E-12,1.1200E+0,4.3357E-9,70.0000E-3
310.7843E-12,1.1600E+0,2.2945E-9,30.0000E-3,334.7564E-12,1.1600E+0,3.3213E-9,50.0000E-3,264.9434E-12,1.1600E+0,4.3679E-9,70.0000E-3
266.2051E-12,1.2000E+0,2.3058E-9,30.0000E-3,408.7749E-12,1.2000E+0,3.3444E-9,50.0000E-3,170.7379E-12,1.2000E+0,4.4007E-9,70.0000E-3
256.9527E-12,1.2400E+0,2.3177E-9,30.0000E-3,413.4012E-12,1.2400E+0,3.3677E-9,50.0000E-3,247.7003E-12,1.2400E+0,4.4335E-9,70.0000E-3
228.3544E-12,1.2800E+0,2.3289E-9,30.0000E-3,403.7282E-12,1.2800E+0,3.3907E-9,50.0000E-3,246.4386E-12,1.2800E+0,4.4663E-9,70.0000E-3
265.3637E-12,1.3200E+0,2.3406E-9,30.0000E-3,396.1580E-12,1.3200E+0,3.4135E-9,50.0000E-3,217.4199E-12,1.3200E+0,4.4998E-9,70.0000E-3
246.0181E-12,1.3600E+0,2.3521E-9,30.0000E-3,411.7188E-12,1.3600E+0,3.4377E-9,50.0000E-3,232.1396E-12,1.3600E+0,4.5324E-9,70.0000E-3
203.1209E-12,1.4000E+0,2.3633E-9,30.0000E-3,420.1300E-12,1.4000E+0,3.4603E-9,50.0000E-3,273.7750E-12,1.4000E+0,4.5655E-9,70.0000E-3
273.7750E-12,1.4400E+0,2.3754E-9,30.0000E-3,368.8219E-12,1.4400E+0,3.4836E-9,50.0000E-3,235.9246E-12,1.4400E+0,4.5981E-9,70.0000E-3
288.4946E-12,1.4800E+0,2.3867E-9,30.0000E-3,397.8402E-12,1.4800E+0,3.5069E-9,50.0000E-3,296.4853E-12,1.4800E+0,4.6307E-9,70.0000E-3
339.3823E-12,1.5200E+0,2.3988E-9,30.0000E-3,318.3545E-12,1.5200E+0,3.5310E-9,50.0000E-3,300.6908E-12,1.5200E+0,4.6645E-9,70.0000E-3
249.3825E-12,1.5600E+0,2.4108E-9,30.0000E-3,402.4665E-12,1.5600E+0,3.5546E-9,50.0000E-3,246.8592E-12,1.5600E+0,4.6972E-9,70.0000E-3
267.0462E-12,1.6000E+0,2.4223E-9,30.0000E-3,407.9337E-12,1.6000E+0,3.5781E-9,50.0000E-3,288.4946E-12,1.6000E+0,4.7309E-9,70.0000E-3
215.7376E-12,1.6400E+0,2.4338E-9,30.0000E-3,344.0086E-12,1.6400E+0,3.6019E-9,50.0000E-3,300.6908E-12,1.6400E+0,4.7649E-9,70.0000E-3
280.0835E-12,1.6800E+0,2.4443E-9,30.0000E-3,328.0272E-12,1.6800E+0,3.6259E-9,50.0000E-3,245.5975E-12,1.6800E+0,4.7979E-9,70.0000E-3
198.4948E-12,1.7200E+0,2.4554E-9,30.0000E-3,347.3732E-12,1.7200E+0,3.6496E-9,50.0000E-3,245.1770E-12,1.7200E+0,4.8313E-9,70.0000E-3
241.8126E-12,1.7600E+0,2.4666E-9,30.0000E-3,277.5602E-12,1.7600E+0,3.6736E-9,50.0000E-3,222.4665E-12,1.7600E+0,4.8657E-9,70.0000E-3
224.1489E-12,1.8000E+0,2.4787E-9,30.0000E-3,377.6535E-12,1.8000E+0,3.6976E-9,50.0000E-3,246.4386E-12,1.8000E+0,4.8992E-9,70.0000E-3
198.9153E-12,1.8400E+0,2.4901E-9,30.0000E-3,355.7843E-12,1.8400E+0,3.7216E-9,50.0000E-3,219.9434E-12,1.8400E+0,4.9325E-9,70.0000E-3
215.3171E-12,1.8800E+0,2.5023E-9,30.0000E-3,312.4665E-12,1.8800E+0,3.7453E-9,50.0000E-3,238.0274E-12,1.8800E+0,4.9664E-9,70.0000E-3
276.2985E-12,1.9200E+0,2.5155E-9,30.0000E-3,342.7469E-12,1.9200E+0,3.7688E-9,50.0000E-3,262.8404E-12,1.9200E+0,5.0093E-9,70.0000E-3
220.7845E-12,1.9600E+0,2.5276E-9,30.0000E-3,355.7843E-12,1.9600E+0,3.7927E-9,50.0000E-3,228.7750E-12,1.9600E+0,5.0418E-9,70.0000E-3
254.4294E-12,2.0000E+0,2.5404E-9,30.0000E-3,273.3545E-12,2.0000E+0,3.8173E-9,50.0000E-3,252.7469E-12,2.0000E+0,5.0761E-9,70.0000E-3
220.3639E-12,2.0400E+0,2.5525E-9,30.0000E-3,298.1675E-12,2.0400E+0,3.8410E-9,50.0000E-3,201.4386E-12,2.0400E+0,5.1097E-9,70.0000E-3
207.7472E-12,2.0800E+0,2.5649E-9,30.0000E-3,262.8404E-12,2.0800E+0,3.8648E-9,50.0000E-3,218.2610E-12,2.0800E+0,5.1448E-9,70.0000E-3
200.1770E-12,2.1200E+0,2.5781E-9,30.0000E-3,326.7655E-12,2.1200E+0,3.8898E-9,50.0000E-3,256.1116E-12,2.1200E+0,5.1793E-9,70.0000E-3
216.9993E-12,2.1600E+0,2.5909E-9,30.0000E-3,334.7564E-12,2.1600E+0,3.9136E-9,50.0000E-3,286.8124E-12,2.1600E+0,5.2144E-9,70.0000E-3
260.3171E-12,2.2000E+0,2.6040E-9,30.0000E-3,289.3357E-12,2.2000E+0,3.9376E-9,50.0000E-3,230.4574E-12,2.2000E+0,5.2494E-9,70.0000E-3
240.5509E-12,2.2400E+0,2.6168E-9,30.0000E-3,342.7469E-12,2.2400E+0,3.9621E-9,50.0000E-3,251.9061E-12,2.2400E+0,5.2833E-9,70.0000E-3
214.8968E-12,2.2800E+0,2.6290E-9,30.0000E-3,223.3078E-12,2.2800E+0,3.9873E-9,50.0000E-3,197.2331E-12,2.2800E+0,5.3184E-9,70.0000E-3
223.3078E-12,2.3200E+0,2.6420E-9,30.0000E-3,271.2517E-12,2.3200E+0,4.0116E-9,50.0000E-3,220.3639E-12,2.3200E+0,5.3550E-9,70.0000E-3
193.8685E-12,2.3600E+0,2.6551E-9,30.0000E-3,236.7657E-12,2.3600E+0,4.0353E-9,50.0000E-3,256.1116E-12,2.3600E+0,5.3901E-9,70.0000E-3
197.6537E-12,2.4000E+0,2.6674E-9,30.0000E-3,239.7096E-12,2.4000E+0,4.0604E-9,50.0000E-3,303.6347E-12,2.4000E+0,5.4246E-9,70.0000E-3
146.3454E-12,2.4400E+0,2.6802E-9,30.0000E-3,263.2612E-12,2.4400E+0,4.0850E-9,50.0000E-3,197.6537E-12,2.4400E+0,5.4591E-9,70.0000E-3
214.4760E-12,2.4800E+0,2.6928E-9,30.0000E-3,193.4481E-12,2.4800E+0,4.1096E-9,50.0000E-3,257.7938E-12,2.4800E+0,5.4950E-9,70.0000E-3
201.8592E-12,2.5200E+0,2.7053E-9,30.0000E-3,194.7098E-12,2.5200E+0,4.1346E-9,50.0000E-3,259.8965E-12,2.5200E+0,5.5296E-9,70.0000E-3
247.7003E-12,2.5600E+0,2.7186E-9,30.0000E-3,233.4013E-12,2.5600E+0,4.1592E-9,50.0000E-3,167.7940E-12,2.5600E+0,5.5652E-9,70.0000E-3
250.2236E-12,2.6000E+0,2.7307E-9,30.0000E-3,243.9151E-12,2.6000E+0,4.1845E-9,50.0000E-3,202.2797E-12,2.6000E+0,5.6022E-9,70.0000E-3
220.3639E-12,2.6400E+0,2.7439E-9,30.0000E-3,288.9153E-12,2.6400E+0,4.2091E-9,50.0000E-3,200.1770E-12,2.6400E+0,5.6352E-9,70.0000E-3
210.2705E-12,2.6800E+0,2.7567E-9,30.0000E-3,222.8873E-12,2.6800E+0,4.2337E-9,50.0000E-3,164.8499E-12,2.6800E+0,5.6717E-9,70.0000E-3
258.2143E-12,2.7200E+0,2.7699E-9,30.0000E-3,288.4946E-12,2.7200E+0,4.2593E-9,50.0000E-3,211.9527E-12,2.7200E+0,5.7089E-9,70.0000E-3
157.7005E-12,2.7600E+0,2.7827E-9,30.0000E-3,246.0181E-12,2.7600E+0,4.2846E-9,50.0000E-3,213.6351E-12,2.7600E+0,5.7432E-9,70.0000E-3
149.7098E-12,2.8000E+0,2.7956E-9,30.0000E-3,235.0835E-12,2.8000E+0,4.3093E-9,50.0000E-3,186.7191E-12,2.8000E+0,5.7816E-9,70.0000E-3
232.1396E-12,2.8400E+0,2.8097E-9,30.0000E-3,283.8685E-12,2.8400E+0,4.3353E-9,50.0000E-3,181.6722E-12,2.8400E+0,5.8183E-9,70.0000E-3
193.8685E-12,2.8800E+0,2.8225E-9,30.0000E-3,263.6815E-12,2.8800E+0,4.3612E-9,50.0000E-3,231.2983E-12,2.8800E+0,5.8572E-9,70.0000E-3
170.3171E-12,2.9200E+0,2.8357E-9,30.0000E-3,241.3918E-12,2.9200E+0,4.3862E-9,50.0000E-3,225.8311E-12,2.9200E+0,5.8937E-9,70.0000E-3
203.5416E-12,2.9600E+0,2.8476E-9,30.0000E-3,225.8311E-12,2.9600E+0,4.4126E-9,50.0000E-3,229.6161E-12,2.9600E+0,5.9308E-9,70.0000E-3
156.8592E-12,3.0000E+0,2.8609E-9,30.0000E-3,251.0647E-12,3.0000E+0,4.4389E-9,50.0000E-3,226.2517E-12,3.0000E+0,5.9675E-9,70.0000E-3
217.8406E-12,3.0400E+0,2.8736E-9,30.0000E-3,150.9715E-12,3.0400E+0,4.4642E-9,50.0000E-3,239.2893E-12,3.0400E+0,6.0062E-9,70.0000E-3
241.8126E-12,3.0800E+0,2.8873E-9,30.0000E-3,176.6256E-12,3.0800E+0,4.4902E-9,50.0000E-3,232.1396E-12,3.0800E+0,6.0450E-9,70.0000E-3
159.3827E-12,3.1200E+0,2.8999E-9,30.0000E-3,262.8404E-12,3.1200E+0,4.5155E-9,50.0000E-3,186.7191E-12,3.1200E+0,6.0855E-9,70.0000E-3
235.5041E-12,3.1600E+0,2.9133E-9,30.0000E-3,256.1116E-12,3.1600E+0,4.5415E-9,50.0000E-3,255.2702E-12,3.1600E+0,6.1200E-9,70.0000E-3
197.6537E-12,3.2000E+0,2.9269E-9,30.0000E-3,254.4294E-12,3.2000E+0,4.5686E-9,50.0000E-3,256.1116E-12,3.2000E+0,6.1613E-9,70.0000E-3
258.6349E-12,3.2400E+0,2.9384E-9,30.0000E-3,264.9434E-12,3.2400E+0,4.5945E-9,50.0000E-3,239.7096E-12,3.2400E+0,6.1981E-9,70.0000E-3
216.9993E-12,3.2800E+0,2.9507E-9,30.0000E-3,305.7377E-12,3.2800E+0,4.6215E-9,50.0000E-3,284.7096E-12,3.2800E+0,6.2379E-9,70.0000E-3
249.8031E-12,3.3200E+0,2.9637E-9,30.0000E-3,282.6068E-12,3.3200E+0,4.6479E-9,50.0000E-3,282.6068E-12,3.3200E+0,6.2777E-9,70.0000E-3
207.3266E-12,3.3600E+0,2.9776E-9,30.0000E-3,262.4199E-12,3.3600E+0,4.6750E-9,50.0000E-3,238.0274E-12,3.3600E+0,6.3153E-9,70.0000E-3
305.7377E-12,3.4000E+0,2.9891E-9,30.0000E-3,255.6910E-12,3.4000E+0,4.7017E-9,50.0000E-3,237.6068E-12,3.4000E+0,6.3582E-9,70.0000E-3
308.2610E-12,3.4400E+0,3.0020E-9,30.0000E-3,316.2517E-12,3.4400E+0,4.7284E-9,50.0000E-3,190.9246E-12,3.4400E+0,6.3994E-9,70.0000E-3
237.6068E-12,3.4800E+0,3.0138E-9,30.0000E-3,309.9432E-12,3.4800E+0,4.7549E-9,50.0000E-3,255.2702E-12,3.4800E+0,6.4380E-9,70.0000E-3
212.3732E-12,3.5200E+0,3.0279E-9,30.0000E-3,240.5509E-12,3.5200E+0,4.7828E-9,50.0000E-3,172.4201E-12,3.5200E+0,6.4815E-9,70.0000E-3
287.2329E-12,3.5600E+0,3.0406E-9,30.0000E-3,277.9805E-12,3.5600E+0,4.8107E-9,50.0000E-3,192.1865E-12,3.5600E+0,6.5223E-9,70.0000E-3
246.4386E-12,3.6000E+0,3.0535E-9,30.0000E-3,166.1116E-12,3.6000E+0,4.8387E-9,50.0000E-3,231.2983E-12,3.6000E+0,6.5646E-9,70.0000E-3
266.2051E-12,3.6400E+0,3.0658E-9,30.0000E-3,199.7564E-12,3.6400E+0,4.8655E-9,50.0000E-3,237.1863E-12,3.6400E+0,6.6053E-9,70.0000E-3
303.6347E-12,3.6800E+0,3.0796E-9,30.0000E-3,195.9715E-12,3.6800E+0,4.8931E-9,50.0000E-3,215.3171E-12,3.6800E+0,6.6487E-9,70.0000E-3
314.9898E-12,3.7200E+0,3.0920E-9,30.0000E-3,215.3171E-12,3.7200E+0,4.9200E-9,50.0000E-3,218.6817E-12,3.7200E+0,6.6914E-9,70.0000E-3
343.5880E-12,3.7600E+0,3.1051E-9,30.0000E-3,206.4855E-12,3.7600E+0,4.9501E-9,50.0000E-3,247.2798E-12,3.7600E+0,6.7324E-9,70.0000E-3
352.4199E-12,3.8000E+0,3.1171E-9,30.0000E-3,228.3544E-12,3.8000E+0,4.9773E-9,50.0000E-3,219.5226E-12,3.8000E+0,6.7771E-9,70.0000E-3
306.9993E-12,3.8400E+0,3.1295E-9,30.0000E-3,215.3171E-12,3.8400E+0,5.0141E-9,50.0000E-3,267.0462E-12,3.8400E+0,6.8201E-9,70.0000E-3
307.4199E-12,3.8800E+0,3.1426E-9,30.0000E-3,234.6630E-12,3.8800E+0,5.0435E-9,50.0000E-3,220.7845E-12,3.8800E+0,6.8637E-9,70.0000E-3
256.1116E-12,3.9200E+0,3.1539E-9,30.0000E-3,158.1211E-12,3.9200E+0,5.0740E-9,50.0000E-3,177.0462E-12,3.9200E+0,6.9078E-9,70.0000E-3
215.3171E-12,3.9600E+0,3.1668E-9,30.0000E-3,179.5695E-12,3.9600E+0,5.1034E-9,50.0000E-3,267.0462E-12,3.9600E+0,6.9526E-9,70.0000E-3
249.8031E-12,4.0000E+0,3.1795E-9,30.0000E-3,149.2892E-12,4.0000E+0,5.1304E-9,50.0000E-3,296.0647E-12,4.0000E+0,6.9993E-9,70.0000E-3
212.3732E-12,4.0400E+0,3.1915E-9,30.0000E-3,153.0742E-12,4.0400E+0,5.1616E-9,50.0000E-3,256.5321E-12,4.0400E+0,7.0436E-9,70.0000E-3
283.8685E-12,4.0800E+0,3.2037E-9,30.0000E-3,162.3266E-12,4.0800E+0,5.1925E-9,50.0000E-3,280.9244E-12,4.0800E+0,7.0893E-9,70.0000E-3
186.2985E-12,4.1200E+0,3.2166E-9,30.0000E-3,260.3171E-12,4.1200E+0,5.2190E-9,50.0000E-3,266.2051E-12,4.1200E+0,7.1378E-9,70.0000E-3
219.1023E-12,4.1600E+0,3.2282E-9,30.0000E-3,294.8031E-12,4.1600E+0,5.2513E-9,50.0000E-3,258.6349E-12,4.1600E+0,7.1824E-9,70.0000E-3
202.2797E-12,4.2000E+0,3.2412E-9,30.0000E-3,274.6161E-12,4.2000E+0,5.2823E-9,50.0000E-3,297.7469E-12,4.2000E+0,7.2297E-9,70.0000E-3
248.5414E-12,4.2400E+0,3.2527E-9,30.0000E-3,235.0835E-12,4.2400E+0,5.3124E-9,50.0000E-3,336.0181E-12,4.2400E+0,7.2805E-9,70.0000E-3
233.8216E-12,4.2800E+0,3.2663E-9,30.0000E-3,202.7003E-12,4.2800E+0,5.3414E-9,50.0000E-3,248.9620E-12,4.2800E+0,7.3316E-9,70.0000E-3
206.4855E-12,4.3200E+0,3.2785E-9,30.0000E-3,271.6722E-12,4.3200E+0,5.3713E-9,50.0000E-3,264.1021E-12,4.3200E+0,7.3778E-9,70.0000E-3
187.1396E-12,4.3600E+0,3.2896E-9,30.0000E-3,282.6068E-12,4.3600E+0,5.4042E-9,50.0000E-3,270.4106E-12,4.3600E+0,7.4289E-9,70.0000E-3
200.1770E-12,4.4000E+0,3.3013E-9,30.0000E-3,249.8031E-12,4.4000E+0,5.4326E-9,50.0000E-3,210.6910E-12,4.4000E+0,7.4777E-9,70.0000E-3
219.1023E-12,4.4400E+0,3.3135E-9,30.0000E-3,261.5788E-12,4.4400E+0,5.4644E-9,50.0000E-3,214.8968E-12,4.4400E+0,7.5265E-9,70.0000E-3
221.2048E-12,4.4800E+0,3.3247E-9,30.0000E-3,298.5880E-12,4.4800E+0,5.4939E-9,50.0000E-3,254.0086E-12,4.4800E+0,7.5763E-9,70.0000E-3
261.9995E-12,4.5200E+0,3.3366E-9,30.0000E-3,333.0740E-12,4.5200E+0,5.5267E-9,50.0000E-3,211.5321E-12,4.5200E+0,7.6288E-9,70.0000E-3
181.6722E-12,4.5600E+0,3.3482E-9,30.0000E-3,327.1863E-12,4.5600E+0,5.5568E-9,50.0000E-3,231.7191E-12,4.5600E+0,7.6823E-9,70.0000E-3
251.4853E-12,4.6000E+0,3.3619E-9,30.0000E-3,363.3545E-12,4.6000E+0,5.5886E-9,50.0000E-3,206.4855E-12,4.6000E+0,7.7352E-9,70.0000E-3
248.9620E-12,4.6400E+0,3.3723E-9,30.0000E-3,305.7377E-12,4.6400E+0,5.6186E-9,50.0000E-3,249.3825E-12,4.6400E+0,7.7846E-9,70.0000E-3
217.4199E-12,4.6800E+0,3.3825E-9,30.0000E-3,296.0647E-12,4.6800E+0,5.6502E-9,50.0000E-3,279.6627E-12,4.6800E+0,7.8399E-9,70.0000E-3
203.9620E-12,4.7200E+0,3.3932E-9,30.0000E-3,252.3264E-12,4.7200E+0,5.6848E-9,50.0000E-3,282.1863E-12,4.7200E+0,7.8949E-9,70.0000E-3
319.1956E-12,4.7600E+0,3.4054E-9,30.0000E-3,315.4104E-12,4.7600E+0,5.7185E-9,50.0000E-3,269.9900E-12,4.7600E+0,7.9518E-9,70.0000E-3
293.1209E-12,4.8000E+0,3.4167E-9,30.0000E-3,287.2329E-12,4.8000E+0,5.7494E-9,50.0000E-3,238.4479E-12,4.8000E+0,8.0050E-9,70.0000E-3
313.3078E-12,4.8400E+0,3.4278E-9,30.0000E-3,253.5883E-12,4.8400E+0,5.7824E-9,50.0000E-3,243.9151E-12,4.8400E+0,8.0644E-9,70.0000E-3
240.9712E-12,4.8800E+0,3.4392E-9,30.0000E-3,285.1301E-12,4.8800E+0,5.8144E-9,50.0000E-3,227.9341E-12,4.8800E+0,8.1191E-9,70.0000E-3
224.5695E-12,4.9200E+0,3.4499E-9,30.0000E-3,256.5321E-12,4.9200E+0,5.8478E-9,50.0000E-3,253.1677E-12,4.9200E+0,8.1764E-9,70.0000E-3
283.8685E-12,4.9600E+0,3.4601E-9,30.0000E-3,243.0742E-12,4.9600E+0,5.8825E-9,50.0000E-3,277.5602E-12,4.9600E+0,8.2342E-9,70.0000E-3
292.7003E-12,5.0000E+0,3.4706E-9,30.0000E-3,216.5788E-12,5.0000E+0,5.9124E-9,50.0000E-3,273.7750E-12,5.0000E+0,8.2953E-9,70.0000E-3
299.4291E-12,5.0400E+0,3.4823E-9,30.0000E-3,260.3171E-12,5.0400E+0,5.9454E-9,50.0000E-3,250.2236E-12,5.0400E+0,8.3489E-9,70.0000E-3
248.9620E-12,5.0800E+0,3.4936E-9,30.0000E-3,251.4853E-12,5.0800E+0,5.9813E-9,50.0000E-3,258.2143E-12,5.0800E+0,8.4136E-9,70.0000E-3
219.5226E-12,5.1200E+0,3.5023E-9,30.0000E-3,284.2890E-12,5.1200E+0,6.0143E-9,50.0000E-3,221.2048E-12,5.1200E+0,8.4710E-9,70.0000E-3
272.0928E-12,5.1600E+0,3.5128E-9,30.0000E-3,249.8031E-12,5.1600E+0,6.0469E-9,50.0000E-3,303.6347E-12,5.1600E+0,8.5324E-9,70.0000E-3
270.4106E-12,5.2000E+0,3.5242E-9,30.0000E-3,232.5600E-12,5.2000E+0,6.0803E-9,50.0000E-3,262.8404E-12,5.2000E+0,8.5885E-9,70.0000E-3
264.5226E-12,5.2400E+0,3.5326E-9,30.0000E-3,250.2236E-12,5.2400E+0,6.1148E-9,50.0000E-3,219.5226E-12,5.2400E+0,8.6517E-9,70.0000E-3
257.3732E-12,5.2800E+0,3.5444E-9,30.0000E-3,289.3357E-12,5.2800E+0,6.1520E-9,50.0000E-3,267.0462E-12,5.2800E+0,8.7109E-9,70.0000E-3
248.9620E-12,5.3200E+0,3.5545E-9,30.0000E-3,306.9993E-12,5.3200E+0,6.1862E-9,50.0000E-3,262.8404E-12,5.3200E+0,8.7764E-9,70.0000E-3
293.9620E-12,5.3600E+0,3.5652E-9,30.0000E-3,269.1489E-12,5.3600E+0,6.2189E-9,50.0000E-3,179.1489E-12,5.3600E+0,8.8403E-9,70.0000E-3
190.5041E-12,5.4000E+0,3.5743E-9,30.0000E-3,303.6347E-12,5.4000E+0,6.2553E-9,50.0000E-3,190.5041E-12,5.4000E+0,8.9036E-9,70.0000E-3
213.2143E-12,5.4400E+0,3.5848E-9,30.0000E-3,213.6351E-12,5.4400E+0,6.2880E-9,50.0000E-3,280.5041E-12,5.4400E+0,8.9615E-9,70.0000E-3
206.4855E-12,5.4800E+0,3.5963E-9,30.0000E-3,202.7003E-12,5.4800E+0,6.3218E-9,50.0000E-3,148.8687E-12,5.4800E+0,9.0261E-9,70.0000E-3
187.5602E-12,5.5200E+0,3.6053E-9,30.0000E-3,238.8685E-12,5.5200E+0,6.3566E-9,50.0000E-3,190.9246E-12,5.5200E+0,9.0911E-9,70.0000E-3
200.5975E-12,5.5600E+0,3.6145E-9,30.0000E-3,179.1489E-12,5.5600E+0,6.3903E-9,50.0000E-3,269.5693E-12,5.5600E+0,9.1544E-9,70.0000E-3
232.5600E-12,5.6000E+0,3.6240E-9,30.0000E-3,206.0649E-12,5.6000E+0,6.4256E-9,50.0000E-3,198.0742E-12,5.6000E+0,9.2172E-9,70.0000E-3
224.5695E-12,5.6400E+0,3.6322E-9,30.0000E-3,244.7564E-12,5.6400E+0,6.4586E-9,50.0000E-3,185.0369E-12,5.6400E+0,9.2813E-9,70.0000E-3
251.9061E-12,5.6800E+0,3.6432E-9,30.0000E-3,293.5414E-12,5.6800E+0,6.4923E-9,50.0000E-3,230.0367E-12,5.6800E+0,9.3476E-9,70.0000E-3
218.6817E-12,5.7200E+0,3.6527E-9,30.0000E-3,219.9434E-12,5.7200E+0,6.5319E-9,50.0000E-3,199.7564E-12,5.7200E+0,9.4168E-9,70.0000E-3
277.9805E-12,5.7600E+0,3.6632E-9,30.0000E-3,220.3639E-12,5.7600E+0,6.5613E-9,50.0000E-3,229.1958E-12,5.7600E+0,9.4789E-9,70.0000E-3
257.7938E-12,5.8000E+0,3.6712E-9,30.0000E-3,195.9715E-12,5.8000E+0,6.5984E-9,50.0000E-3,221.2048E-12,5.8000E+0,9.5483E-9,70.0000E-3
213.2143E-12,5.8400E+0,3.6796E-9,30.0000E-3,215.3171E-12,5.8400E+0,6.6307E-9,50.0000E-3,111.8594E-12,5.8400E+0,9.6148E-9,70.0000E-3
243.9151E-12,5.8800E+0,3.6899E-9,30.0000E-3,235.9246E-12,5.8800E+0,6.6641E-9,50.0000E-3,196.8123E-12,5.8800E+0,9.6808E-9,70.0000E-3
256.1116E-12,5.9200E+0,3.6975E-9,30.0000E-3,213.2143E-12,5.9200E+0,6.7017E-9,50.0000E-3,170.7379E-12,5.9200E+0,9.7504E-9,70.0000E-3
263.6815E-12,5.9600E+0,3.7083E-9,30.0000E-3,234.2424E-12,5.9600E+0,6.7392E-9,50.0000E-3,238.0274E-12,5.9600E+0,9.8156E-9,70.0000E-3
243.0742E-12,6.0000E+0,3.7164E-9,30.0000E-3,182.9339E-12,6.0000E+0,6.7797E-9,50.0000E-3,229.1958E-12,6.0000E+0,9.8838E-9,70.0000E-3
281.3452E-12,6.0400E+0,3.7241E-9,30.0000E-3,225.8311E-12,6.0400E+0,6.8127E-9,50.0000E-3,210.2705E-12,6.0400E+0,9.9546E-9,70.0000E-3
295.2236E-12,6.0800E+0,3.7335E-9,30.0000E-3,250.6444E-12,6.0800E+0,6.8535E-9,50.0000E-3,220.3639E-12,6.0800E+0,10.0205E-9,70.0000E-3
291.4387E-12,6.1200E+0,3.7443E-9,30.0000E-3,241.8126E-12,6.1200E+0,6.8874E-9,50.0000E-3,249.8031E-12,6.1200E+0,10.0933E-9,70.0000E-3
271.6722E-12,6.1600E+0,3.7514E-9,30.0000E-3,189.2424E-12,6.1600E+0,6.9204E-9,50.0000E-3,233.4013E-12,6.1600E+0,10.1649E-9,70.0000E-3
332.2329E-12,6.2000E+0,3.7600E-9,30.0000E-3,200.5975E-12,6.2000E+0,6.9575E-9,50.0000E-3,224.5695E-12,6.2000E+0,10.2328E-9,70.0000E-3
264.5226E-12,6.2400E+0,3.7688E-9,30.0000E-3,224.5695E-12,6.2400E+0,6.9867E-9,50.0000E-3,193.8685E-12,6.2400E+0,10.3032E-9,70.0000E-3
266.2051E-12,6.2800E+0,3.7809E-9,30.0000E-3,270.4106E-12,6.2800E+0,7.0242E-9,50.0000E-3,174.5228E-12,6.2800E+0,10.3728E-9,70.0000E-3
237.6068E-12,6.3200E+0,3.7881E-9,30.0000E-3,331.8124E-12,6.3200E+0,7.0611E-9,50.0000E-3,176.6256E-12,6.3200E+0,10.4445E-9,70.0000E-3
236.7657E-12,6.3600E+0,3.7919E-9,30.0000E-3,267.4667E-12,6.3600E+0,7.0931E-9,50.0000E-3,239.7096E-12,6.3600E+0,10.5141E-9,70.0000E-3
212.3732E-12,6.4000E+0,3.8014E-9,30.0000E-3,259.4760E-12,6.4000E+0,7.1287E-9,50.0000E-3,259.8965E-12,6.4000E+0,10.5778E-9,70.0000E-3
266.2051E-12,6.4400E+0,3.8104E-9,30.0000E-3,289.7562E-12,6.4400E+0,7.1619E-9,50.0000E-3,248.1209E-12,6.4400E+0,10.6576E-9,70.0000E-3
242.2331E-12,6.4800E+0,3.8185E-9,30.0000E-3,300.2705E-12,6.4800E+0,7.1976E-9,50.0000E-3,256.5321E-12,6.4800E+0,10.7261E-9,70.0000E-3
227.0928E-12,6.5200E+0,3.8232E-9,30.0000E-3,234.6630E-12,6.5200E+0,7.2345E-9,50.0000E-3,256.9527E-12,6.5200E+0,10.7999E-9,70.0000E-3
256.5321E-12,6.5600E+0,3.8340E-9,30.0000E-3,222.4665E-12,6.5600E+0,7.2687E-9,50.0000E-3,193.4481E-12,6.5600E+0,10.8666E-9,70.0000E-3
209.0088E-12,6.6000E+0,3.8415E-9,30.0000E-3,208.5883E-12,6.6000E+0,7.3005E-9,50.0000E-3,217.8406E-12,6.6000E+0,10.9426E-9,70.0000E-3
204.3825E-12,6.6400E+0,3.8481E-9,30.0000E-3,222.4665E-12,6.6400E+0,7.3350E-9,50.0000E-3,238.0274E-12,6.6400E+0,11.0192E-9,70.0000E-3
194.2890E-12,6.6800E+0,3.8519E-9,30.0000E-3,196.8123E-12,6.6800E+0,7.3713E-9,50.0000E-3,207.7472E-12,6.6800E+0,11.0901E-9,70.0000E-3
254.0086E-12,6.7200E+0,3.8596E-9,30.0000E-3,239.7096E-12,6.7200E+0,7.4004E-9,50.0000E-3,265.7845E-12,6.7200E+0,11.1585E-9,70.0000E-3
227.9341E-12,6.7600E+0,3.8664E-9,30.0000E-3,226.6722E-12,6.7600E+0,7.4368E-9,50.0000E-3,237.6068E-12,6.7600E+0,11.2357E-9,70.0000E-3
215.7376E-12,6.8000E+0,3.8739E-9,30.0000E-3,225.8311E-12,6.8000E+0,7.4659E-9,50.0000E-3,275.0367E-12,6.8000E+0,11.3048E-9,70.0000E-3
187.9807E-12,6.8400E+0,3.8807E-9,30.0000E-3,209.8499E-12,6.8400E+0,7.5025E-9,50.0000E-3,267.8873E-12,6.8400E+0,11.3815E-9,70.0000E-3
190.9246E-12,6.8800E+0,3.8893E-9,30.0000E-3,164.8499E-12,6.8800E+0,7.5375E-9,50.0000E-3,228.7750E-12,6.8800E+0,11.4500E-9,70.0000E-3
214.8968E-12,6.9200E+0,3.8963E-9,30.0000E-3,157.2797E-12,6.9200E+0,7.5701E-9,50.0000E-3,179.1489E-12,6.9200E+0,11.5190E-9,70.0000E-3
263.2612E-12,6.9600E+0,3.9033E-9,30.0000E-3,164.8499E-12,6.9600E+0,7.6011E-9,50.0000E-3,234.2424E-12,6.9600E+0,11.5948E-9,70.0000E-3
208.1675E-12,7.0000E+0,3.9074E-9,30.0000E-3,177.8873E-12,7.0000E+0,7.6328E-9,50.0000E-3,238.0274E-12,7.0000E+0,11.6723E-9,70.0000E-3
158.1211E-12,7.0400E+0,3.9132E-9,30.0000E-3,149.7098E-12,7.0400E+0,7.6672E-9,50.0000E-3,243.9151E-12,7.0400E+0,11.7446E-9,70.0000E-3
122.3734E-12,7.0800E+0,3.9190E-9,30.0000E-3,269.9900E-12,7.0800E+0,7.6984E-9,50.0000E-3,228.7750E-12,7.0800E+0,11.8190E-9,70.0000E-3
210.6910E-12,7.1200E+0,3.9261E-9,30.0000E-3,269.1489E-12,7.1200E+0,7.7349E-9,50.0000E-3,306.5788E-12,7.1200E+0,11.8876E-9,70.0000E-3
185.8780E-12,7.1600E+0,3.9342E-9,30.0000E-3,184.1955E-12,7.1600E+0,7.7645E-9,50.0000E-3,261.5788E-12,7.1600E+0,11.9751E-9,70.0000E-3
166.9527E-12,7.2000E+0,3.9413E-9,30.0000E-3,261.5788E-12,7.2000E+0,7.7908E-9,50.0000E-3,256.1116E-12,7.2000E+0,12.0470E-9,70.0000E-3
206.0649E-12,7.2400E+0,3.9483E-9,30.0000E-3,275.4572E-12,7.2400E+0,7.8240E-9,50.0000E-3,264.5226E-12,7.2400E+0,12.1208E-9,70.0000E-3
208.1675E-12,7.2800E+0,3.9525E-9,30.0000E-3,290.1770E-12,7.2800E+0,7.8595E-9,50.0000E-3,277.5602E-12,7.2800E+0,12.1941E-9,70.0000E-3
234.2424E-12,7.3200E+0,3.9595E-9,30.0000E-3,275.0367E-12,7.3200E+0,7.8897E-9,50.0000E-3,284.7096E-12,7.3200E+0,12.2764E-9,70.0000E-3
221.2048E-12,7.3600E+0,3.9658E-9,30.0000E-3,312.4665E-12,7.3600E+0,7.9225E-9,50.0000E-3,222.4665E-12,7.3600E+0,12.3412E-9,70.0000E-3
142.9807E-12,7.4000E+0,3.9707E-9,30.0000E-3,260.3171E-12,7.4000E+0,7.9521E-9,50.0000E-3,256.5321E-12,7.4000E+0,12.4226E-9,70.0000E-3
164.8499E-12,7.4400E+0,3.9789E-9,30.0000E-3,237.6068E-12,7.4400E+0,7.9800E-9,50.0000E-3,138.7752E-12,7.4400E+0,12.4907E-9,70.0000E-3
169.8965E-12,7.4800E+0,3.9851E-9,30.0000E-3,195.9715E-12,7.4800E+0,8.0139E-9,50.0000E-3,218.6817E-12,7.4800E+0,12.5742E-9,70.0000E-3
161.0649E-12,7.5200E+0,3.9911E-9,30.0000E-3,227.0928E-12,7.5200E+0,8.0427E-9,50.0000E-3,284.7096E-12,7.5200E+0,12.6438E-9,70.0000E-3
190.0835E-12,7.5600E+0,3.9970E-9,30.0000E-3,301.9527E-12,7.5600E+0,8.0759E-9,50.0000E-3,216.1584E-12,7.5600E+0,12.7198E-9,70.0000E-3
124.4760E-12,7.6000E+0,4.0038E-9,30.0000E-3,216.9993E-12,7.6000E+0,8.1047E-9,50.0000E-3,200.1770E-12,7.6000E+0,12.7991E-9,70.0000E-3
180.4106E-12,7.6400E+0,4.0098E-9,30.0000E-3,286.8124E-12,7.6400E+0,8.1322E-9,50.0000E-3,230.8780E-12,7.6400E+0,12.8736E-9,70.0000E-3
216.1584E-12,7.6800E+0,4.0131E-9,30.0000E-3,296.4853E-12,7.6800E+0,8.1675E-9,50.0000E-3,226.6722E-12,7.6800E+0,12.9346E-9,70.0000E-3
197.2331E-12,7.7200E+0,4.0189E-9,30.0000E-3,295.6442E-12,7.7200E+0,8.1917E-9,50.0000E-3,222.0462E-12,7.7200E+0,13.0175E-9,70.0000E-3
169.4762E-12,7.7600E+0,4.0244E-9,30.0000E-3,206.0649E-12,7.7600E+0,8.2249E-9,50.0000E-3,187.1396E-12,7.7600E+0,13.0970E-9,70.0000E-3
206.4855E-12,7.8000E+0,4.0317E-9,30.0000E-3,328.4479E-12,7.8000E+0,8.2474E-9,50.0000E-3,255.2702E-12,7.8000E+0,13.1734E-9,70.0000E-3
216.5788E-12,7.8400E+0,4.0376E-9,30.0000E-3,288.4946E-12,7.8400E+0,8.2783E-9,50.0000E-3,298.1675E-12,7.8400E+0,13.2441E-9,70.0000E-3
139.6163E-12,7.8800E+0,4.0413E-9,30.0000E-3,343.5880E-12,7.8800E+0,8.3082E-9,50.0000E-3,281.3452E-12,7.8800E+0,13.3253E-9,70.0000E-3
149.7098E-12,7.9200E+0,4.0462E-9,30.0000E-3,296.0647E-12,7.9200E+0,8.3396E-9,50.0000E-3,238.8685E-12,7.9200E+0,13.3974E-9,70.0000E-3
164.0088E-12,7.9600E+0,4.0494E-9,30.0000E-3,346.1116E-12,7.9600E+0,8.3653E-9,50.0000E-3,227.5133E-12,7.9600E+0,13.4720E-9,70.0000E-3
177.8873E-12,8.0000E+0,4.0539E-9,30.0000E-3,248.9620E-12,8.0000E+0,8.3971E-9,50.0000E-3,322.9805E-12,8.0000E+0,13.5368E-9,70.0000E-3
172.8404E-12,8.0400E+0,4.0563E-9,30.0000E-3,262.4199E-12,8.0400E+0,8.4178E-9,50.0000E-3,230.8780E-12,8.0400E+0,13.6133E-9,70.0000E-3
146.3454E-12,8.0800E+0,4.0591E-9,30.0000E-3,269.1489E-12,8.0800E+0,8.4494E-9,50.0000E-3,282.1863E-12,8.0800E+0,13.6826E-9,70.0000E-3
176.6256E-12,8.1200E+0,4.0661E-9,30.0000E-3,322.9805E-12,8.1200E+0,8.4738E-9,50.0000E-3,301.9527E-12,8.1200E+0,13.7585E-9,70.0000E-3
71.0649E-12,8.1600E+0,4.0690E-9,30.0000E-3,240.5509E-12,8.1600E+0,8.5034E-9,50.0000E-3,266.2051E-12,8.1600E+0,13.8322E-9,70.0000E-3
189.2424E-12,8.2000E+0,4.0744E-9,30.0000E-3,296.9058E-12,8.2000E+0,8.5258E-9,50.0000E-3,335.1768E-12,8.2000E+0,13.9125E-9,70.0000E-3
165.6910E-12,8.2400E+0,4.0805E-9,30.0000E-3,224.5695E-12,8.2400E+0,8.5466E-9,50.0000E-3,223.7284E-12,8.2400E+0,13.9907E-9,70.0000E-3
192.1865E-12,8.2800E+0,4.0828E-9,30.0000E-3,264.9434E-12,8.2800E+0,8.5779E-9,50.0000E-3,291.8592E-12,8.2800E+0,14.0520E-9,70.0000E-3
193.8685E-12,8.3200E+0,4.0911E-9,30.0000E-3,253.1677E-12,8.3200E+0,8.6005E-9,50.0000E-3,194.7098E-12,8.3200E+0,14.1242E-9,70.0000E-3
178.3078E-12,8.3600E+0,4.0907E-9,30.0000E-3,275.8778E-12,8.3600E+0,8.6283E-9,50.0000E-3,243.4948E-12,8.3600E+0,14.1947E-9,70.0000E-3
140.0369E-12,8.4000E+0,4.0982E-9,30.0000E-3,282.6068E-12,8.4000E+0,8.6496E-9,50.0000E-3,259.4760E-12,8.4000E+0,14.2651E-9,70.0000E-3
170.3171E-12,8.4400E+0,4.1036E-9,30.0000E-3,267.0462E-12,8.4400E+0,8.6749E-9,50.0000E-3,293.5414E-12,8.4400E+0,14.3443E-9,70.0000E-3
194.2890E-12,8.4800E+0,4.1051E-9,30.0000E-3,245.5975E-12,8.4800E+0,8.7006E-9,50.0000E-3,286.8124E-12,8.4800E+0,14.4197E-9,70.0000E-3
219.5226E-12,8.5200E+0,4.1071E-9,30.0000E-3,270.4106E-12,8.5200E+0,8.7227E-9,50.0000E-3,272.9339E-12,8.5200E+0,14.4922E-9,70.0000E-3
212.3732E-12,8.5600E+0,4.1142E-9,30.0000E-3,240.9712E-12,8.5600E+0,8.7438E-9,50.0000E-3,240.5509E-12,8.5600E+0,14.5635E-9,70.0000E-3
199.7564E-12,8.6000E+0,4.1174E-9,30.0000E-3,282.1863E-12,8.6000E+0,8.7718E-9,50.0000E-3,234.2424E-12,8.6000E+0,14.6351E-9,70.0000E-3
206.0649E-12,8.6400E+0,4.1193E-9,30.0000E-3,237.1863E-12,8.6400E+0,8.8038E-9,50.0000E-3,272.0928E-12,8.6400E+0,14.7035E-9,70.0000E-3
197.2331E-12,8.6800E+0,4.1259E-9,30.0000E-3,207.7472E-12,8.6800E+0,8.8256E-9,50.0000E-3,279.2424E-12,8.6800E+0,14.7756E-9,70.0000E-3
145.0837E-12,8.7200E+0,4.1270E-9,30.0000E-3,266.2051E-12,8.7200E+0,8.8517E-9,50.0000E-3,289.3357E-12,8.7200E+0,14.8343E-9,70.0000E-3
200.5975E-12,8.7600E+0,4.1328E-9,30.0000E-3,327.1863E-12,8.7600E+0,8.8733E-9,50.0000E-3,310.3640E-12,8.7600E+0,14.8906E-9,70.0000E-3
179.9900E-12,8.8000E+0,4.1376E-9,30.0000E-3,306.9993E-12,8.8000E+0,8.8885E-9,50.0000E-3,294.3825E-12,8.8000E+0,14.9778E-9,70.0000E-3
184.1955E-12,8.8400E+0,4.1392E-9,30.0000E-3,350.3171E-12,8.8400E+0,8.9170E-9,50.0000E-3,294.3825E-12,8.8400E+0,15.0543E-9,70.0000E-3
193.4481E-12,8.8800E+0,4.1473E-9,30.0000E-3,335.1768E-12,8.8800E+0,8.9476E-9,50.0000E-3,331.3918E-12,8.8800E+0,15.1278E-9,70.0000E-3
157.2797E-12,8.9200E+0,4.1493E-9,30.0000E-3,184.6163E-12,8.9200E+0,8.9718E-9,50.0000E-3,298.5880E-12,8.9200E+0,15.1801E-9,70.0000E-3
153.4948E-12,8.9600E+0,4.1547E-9,30.0000E-3,225.4106E-12,8.9600E+0,8.9880E-9,50.0000E-3,248.9620E-12,8.9600E+0,15.2508E-9,70.0000E-3
147.6070E-12,9.0000E+0,4.1582E-9,30.0000E-3,255.6910E-12,9.0000E+0,9.0144E-9,50.0000E-3,261.9995E-12,9.0000E+0,15.3182E-9,70.0000E-3
140.8780E-12,9.0400E+0,4.1602E-9,30.0000E-3,232.5600E-12,9.0400E+0,9.0335E-9,50.0000E-3,301.5321E-12,9.0400E+0,15.3871E-9,70.0000E-3
119.4296E-12,9.0800E+0,4.1629E-9,30.0000E-3,204.8033E-12,9.0800E+0,9.0528E-9,50.0000E-3,263.6815E-12,9.0800E+0,15.4520E-9,70.0000E-3
52.9807E-12,9.1200E+0,4.1655E-9,30.0000E-3,220.3639E-12,9.1200E+0,9.0761E-9,50.0000E-3,284.7096E-12,9.1200E+0,15.5210E-9,70.0000E-3
72.3265E-12,9.1600E+0,4.1725E-9,30.0000E-3,161.0649E-12,9.1600E+0,9.0977E-9,50.0000E-3,300.2705E-12,9.1600E+0,15.5851E-9,70.0000E-3
23.9621E-12,9.2000E+0,4.1722E-9,30.0000E-3,200.1770E-12,9.2000E+0,9.1263E-9,50.0000E-3,386.9058E-12,9.2000E+0,15.6528E-9,70.0000E-3
125.7376E-12,9.2400E+0,4.1760E-9,30.0000E-3,235.5041E-12,9.2400E+0,9.1359E-9,50.0000E-3,293.5414E-12,9.2400E+0,15.7237E-9,70.0000E-3
46.2518E-12,9.2800E+0,4.1836E-9,30.0000E-3,192.1865E-12,9.2800E+0,9.1633E-9,50.0000E-3,288.9153E-12,9.2800E+0,15.8002E-9,70.0000E-3
95.8779E-12,9.3200E+0,4.1851E-9,30.0000E-3,186.2985E-12,9.3200E+0,9.1855E-9,50.0000E-3,262.8404E-12,9.3200E+0,15.8652E-9,70.0000E-3
147.1863E-12,9.3600E+0,4.1887E-9,30.0000E-3,233.4013E-12,9.3600E+0,9.2015E-9,50.0000E-3,327.6068E-12,9.3600E+0,15.9180E-9,70.0000E-3
180.8313E-12,9.4000E+0,4.1941E-9,30.0000E-3,197.6537E-12,9.4000E+0,9.2197E-9,50.0000E-3,300.6908E-12,9.4000E+0,15.9940E-9,70.0000E-3
117.7471E-12,9.4400E+0,4.1942E-9,30.0000E-3,187.5602E-12,9.4400E+0,9.2534E-9,50.0000E-3,301.9527E-12,9.4400E+0,16.0747E-9,70.0000E-3
139.6163E-12,9.4800E+0,4.1971E-9,30.0000E-3,209.0088E-12,9.4800E+0,9.2778E-9,50.0000E-3,251.9061E-12,9.4800E+0,16.1210E-9,70.0000E-3
161.9060E-12,9.5200E+0,4.1997E-9,30.0000E-3,217.4199E-12,9.5200E+0,9.2941E-9,50.0000E-3,315.4104E-12,9.5200E+0,16.1763E-9,70.0000E-3
196.3920E-12,9.5600E+0,4.2024E-9,30.0000E-3,276.2985E-12,9.5600E+0,9.3090E-9,50.0000E-3,362.0926E-12,9.5600E+0,16.2325E-9,70.0000E-3
174.1021E-12,9.6000E+0,4.2068E-9,30.0000E-3,198.0742E-12,9.6000E+0,9.3305E-9,50.0000E-3,369.2422E-12,9.6000E+0,16.3141E-9,70.0000E-3
174.9434E-12,9.6400E+0,4.2084E-9,30.0000E-3,250.2236E-12,9.6400E+0,9.3451E-9,50.0000E-3,349.8966E-12,9.6400E+0,16.3502E-9,70.0000E-3
144.6629E-12,9.6800E+0,4.2086E-9,30.0000E-3,264.1021E-12,9.6800E+0,9.3741E-9,50.0000E-3,314.5695E-12,9.6800E+0,16.4420E-9,70.0000E-3
142.1396E-12,9.7200E+0,4.2139E-9,30.0000E-3,180.4106E-12,9.7200E+0,9.3994E-9,50.0000E-3,349.0555E-12,9.7200E+0,16.4998E-9,70.0000E-3
171.9995E-12,9.7600E+0,4.2158E-9,30.0000E-3,183.7752E-12,9.7600E+0,9.4198E-9,50.0000E-3,334.3357E-12,9.7600E+0,16.5394E-9,70.0000E-3
133.3078E-12,9.8000E+0,4.2193E-9,30.0000E-3,198.0742E-12,9.8000E+0,9.4351E-9,50.0000E-3,257.3732E-12,9.8000E+0,16.5880E-9,70.0000E-3
169.8965E-12,9.8400E+0,4.2246E-9,30.0000E-3,240.1301E-12,9.8400E+0,9.4538E-9,50.0000E-3,286.3918E-12,9.8400E+0,16.6398E-9,70.0000E-3
140.0369E-12,9.8800E+0,4.2295E-9,30.0000E-3,243.9151E-12,9.8800E+0,9.4658E-9,50.0000E-3,242.6535E-12,9.8800E+0,16.7086E-9,70.0000E-3
158.9622E-12,9.9200E+0,4.2301E-9,30.0000E-3,190.5041E-12,9.9200E+0,9.4762E-9,50.0000E-3,328.0272E-12,9.9200E+0,16.7657E-9,70.0000E-3
209.0088E-12,9.9600E+0,4.2313E-9,30.0000E-3,233.4013E-12,9.9600E+0,9.4962E-9,50.0000E-3,357.0459E-12,9.9600E+0,16.8254E-9,70.0000E-3
181.2517E-12,10.0000E+0,4.2367E-9,30.0000E-3,224.5695E-12,10.0000E+0,9.5267E-9,50.0000E-3,283.0274E-12,10.0000E+0,16.8736E-9,70.0000E-3
